"transcript_id","exon_number","width"
"BambuTx998","1",194
"BambuTx998","2",324
"BambuTx997","1",302
"BambuTx997","2",235
"BambuTx996","1",188
"BambuTx996","2",656
"BambuTx995","1",323
"BambuTx995","2",1637
"BambuTx994","3",810
"BambuTx994","2",196
"BambuTx994","1",45
"BambuTx993","2",1570
"BambuTx993","1",128
"BambuTx992","1",108
"BambuTx992","2",44
"BambuTx992","3",126
"BambuTx992","4",171
"BambuTx992","5",36
"BambuTx992","6",96
"BambuTx992","7",115
"BambuTx992","8",553
"BambuTx991","1",104
"BambuTx991","2",447
"BambuTx990","2",349
"BambuTx990","1",110
"BambuTx99","3",924
"BambuTx99","2",78
"BambuTx99","1",396
"BambuTx989","2",270
"BambuTx989","1",305
"BambuTx988","4",270
"BambuTx988","3",85
"BambuTx988","2",120
"BambuTx988","1",305
"BambuTx987","1",129
"BambuTx987","2",136
"BambuTx987","3",293
"BambuTx985","1",203
"BambuTx985","2",324
"BambuTx984","2",705
"BambuTx984","1",137
"BambuTx983","1",299
"BambuTx983","2",513
"BambuTx982","3",1081
"BambuTx982","2",146
"BambuTx982","1",113
"BambuTx981","1",284
"BambuTx981","2",347
"BambuTx980","3",239
"BambuTx980","2",130
"BambuTx980","1",147
"BambuTx98","1",345
"BambuTx98","2",82
"BambuTx979","2",608
"BambuTx979","1",407
"BambuTx978","1",79
"BambuTx978","2",109
"BambuTx978","3",120
"BambuTx978","4",484
"BambuTx977","3",575
"BambuTx977","2",99
"BambuTx977","1",129
"BambuTx976","2",317
"BambuTx976","1",217
"BambuTx975","2",288
"BambuTx975","1",101
"BambuTx972","1",145
"BambuTx972","2",147
"BambuTx972","3",106
"BambuTx971","4",134
"BambuTx971","3",80
"BambuTx971","2",113
"BambuTx971","1",90
"BambuTx970","1",162
"BambuTx970","2",525
"BambuTx97","1",167
"BambuTx97","2",333
"BambuTx969","1",119
"BambuTx969","2",817
"BambuTx968","1",144
"BambuTx968","2",142
"BambuTx968","3",113
"BambuTx968","4",102
"BambuTx968","5",140
"BambuTx968","6",931
"BambuTx967","1",181
"BambuTx967","2",64
"BambuTx967","3",138
"BambuTx967","4",1572
"BambuTx966","3",941
"BambuTx966","2",178
"BambuTx966","1",895
"BambuTx965","2",1091
"BambuTx965","1",45
"BambuTx964","2",280
"BambuTx964","1",233
"BambuTx963","1",201
"BambuTx963","2",127
"BambuTx963","3",1331
"BambuTx961","7",431
"BambuTx961","6",182
"BambuTx961","5",49
"BambuTx961","4",102
"BambuTx961","3",149
"BambuTx961","2",116
"BambuTx961","1",142
"BambuTx960","1",287
"BambuTx960","2",120
"BambuTx960","3",504
"BambuTx959","1",195
"BambuTx959","2",90
"BambuTx959","3",129
"BambuTx959","4",53
"BambuTx959","5",340
"BambuTx957","1",245
"BambuTx957","2",98
"BambuTx957","3",806
"BambuTx956","1",382
"BambuTx956","2",98
"BambuTx956","3",806
"BambuTx955","1",131
"BambuTx955","2",214
"BambuTx955","3",172
"BambuTx955","4",520
"BambuTx953","1",364
"BambuTx953","2",53
"BambuTx953","3",787
"BambuTx952","1",204
"BambuTx952","2",315
"BambuTx951","2",1564
"BambuTx951","1",462
"BambuTx950","2",1039
"BambuTx950","1",226
"BambuTx95","1",383
"BambuTx95","2",517
"BambuTx948","2",1682
"BambuTx948","1",467
"BambuTx946","1",167
"BambuTx946","2",70
"BambuTx946","3",170
"BambuTx945","1",153
"BambuTx945","2",141
"BambuTx945","3",189
"BambuTx944","2",301
"BambuTx944","1",177
"BambuTx943","1",387
"BambuTx943","2",198
"BambuTx943","3",125
"BambuTx943","4",191
"BambuTx942","2",128
"BambuTx942","1",123
"BambuTx941","1",172
"BambuTx941","2",101
"BambuTx940","4",769
"BambuTx940","3",95
"BambuTx940","2",87
"BambuTx940","1",164
"BambuTx94","3",614
"BambuTx94","2",180
"BambuTx94","1",229
"BambuTx939","3",162
"BambuTx939","2",72
"BambuTx939","1",181
"BambuTx938","3",214
"BambuTx938","2",135
"BambuTx938","1",125
"BambuTx937","2",164
"BambuTx937","1",517
"BambuTx936","2",440
"BambuTx936","1",42
"BambuTx935","3",218
"BambuTx935","2",137
"BambuTx935","1",242
"BambuTx933","2",92
"BambuTx933","1",110
"BambuTx931","5",374
"BambuTx931","4",70
"BambuTx931","3",72
"BambuTx931","2",59
"BambuTx931","1",78
"BambuTx930","4",355
"BambuTx930","3",109
"BambuTx930","2",159
"BambuTx930","1",90
"BambuTx93","1",1544
"BambuTx93","2",93
"BambuTx93","3",71
"BambuTx93","4",1087
"BambuTx929","6",424
"BambuTx929","5",172
"BambuTx929","4",118
"BambuTx929","3",129
"BambuTx929","2",102
"BambuTx929","1",109
"BambuTx928","2",236
"BambuTx928","1",239
"BambuTx927","1",144
"BambuTx927","2",137
"BambuTx926","1",361
"BambuTx926","2",141
"BambuTx926","3",140
"BambuTx922","3",268
"BambuTx922","2",136
"BambuTx922","1",316
"BambuTx921","4",271
"BambuTx921","3",136
"BambuTx921","2",169
"BambuTx921","1",102
"BambuTx920","5",436
"BambuTx920","4",186
"BambuTx920","3",183
"BambuTx920","2",91
"BambuTx920","1",171
"BambuTx92","1",103
"BambuTx92","2",889
"BambuTx918","1",56
"BambuTx918","2",106
"BambuTx918","3",101
"BambuTx918","4",151
"BambuTx918","5",136
"BambuTx918","6",109
"BambuTx918","7",101
"BambuTx918","8",478
"BambuTx917","8",609
"BambuTx917","7",121
"BambuTx917","6",77
"BambuTx917","5",211
"BambuTx917","4",162
"BambuTx917","3",87
"BambuTx917","2",90
"BambuTx917","1",179
"BambuTx916","1",53
"BambuTx916","2",59
"BambuTx916","3",127
"BambuTx916","4",111
"BambuTx916","5",149
"BambuTx915","2",219
"BambuTx915","1",142
"BambuTx913","1",331
"BambuTx913","2",107
"BambuTx913","3",1222
"BambuTx912","1",256
"BambuTx912","2",829
"BambuTx911","3",267
"BambuTx911","2",132
"BambuTx911","1",57
"BambuTx910","3",204
"BambuTx910","2",132
"BambuTx910","1",62
"BambuTx91","1",135
"BambuTx91","2",59
"BambuTx91","3",1709
"BambuTx909","4",276
"BambuTx909","3",66
"BambuTx909","2",59
"BambuTx909","1",58
"BambuTx908","13",266
"BambuTx908","12",81
"BambuTx908","11",82
"BambuTx908","10",110
"BambuTx908","9",174
"BambuTx908","8",125
"BambuTx908","7",68
"BambuTx908","6",107
"BambuTx908","5",60
"BambuTx908","4",121
"BambuTx908","3",98
"BambuTx908","2",69
"BambuTx908","1",263
"BambuTx907","2",143
"BambuTx907","1",460
"BambuTx906","3",1039
"BambuTx906","2",78
"BambuTx906","1",94
"BambuTx905","2",160
"BambuTx905","1",624
"BambuTx903","2",300
"BambuTx903","1",120
"BambuTx902","1",130
"BambuTx902","2",333
"BambuTx901","1",574
"BambuTx901","2",104
"BambuTx901","3",1141
"BambuTx900","1",297
"BambuTx900","2",1179
"BambuTx900","3",104
"BambuTx900","4",1141
"BambuTx90","1",194
"BambuTx90","2",127
"BambuTx90","3",121
"BambuTx90","4",141
"BambuTx90","5",2019
"BambuTx9","1",81
"BambuTx9","2",164
"BambuTx899","2",3059
"BambuTx899","1",324
"BambuTx898","7",302
"BambuTx898","6",96
"BambuTx898","5",133
"BambuTx898","4",121
"BambuTx898","3",32
"BambuTx898","2",273
"BambuTx898","1",324
"BambuTx897","1",170
"BambuTx897","2",89
"BambuTx897","3",127
"BambuTx897","4",96
"BambuTx897","5",833
"BambuTx896","1",173
"BambuTx896","2",127
"BambuTx896","3",96
"BambuTx896","4",833
"BambuTx895","1",163
"BambuTx895","2",316
"BambuTx894","1",164
"BambuTx894","2",129
"BambuTx894","3",316
"BambuTx893","1",196
"BambuTx893","2",127
"BambuTx893","3",96
"BambuTx893","4",1703
"BambuTx892","1",196
"BambuTx892","2",127
"BambuTx892","3",96
"BambuTx892","4",319
"BambuTx891","3",3986
"BambuTx891","2",173
"BambuTx891","1",97
"BambuTx890","1",671
"BambuTx890","2",689
"BambuTx89","1",252
"BambuTx89","2",1274
"BambuTx889","5",302
"BambuTx889","4",93
"BambuTx889","3",168
"BambuTx889","2",116
"BambuTx889","1",122
"BambuTx888","9",1343
"BambuTx888","8",139
"BambuTx888","7",120
"BambuTx888","6",100
"BambuTx888","5",75
"BambuTx888","4",108
"BambuTx888","3",177
"BambuTx888","2",128
"BambuTx888","1",121
"BambuTx887","1",125
"BambuTx887","2",704
"BambuTx886","2",338
"BambuTx886","1",477
"BambuTx884","1",236
"BambuTx884","2",1436
"BambuTx883","4",233
"BambuTx883","3",166
"BambuTx883","2",242
"BambuTx883","1",225
"BambuTx881","1",130
"BambuTx881","2",51
"BambuTx881","3",394
"BambuTx880","2",1034
"BambuTx880","1",665
"BambuTx88","1",253
"BambuTx88","2",149
"BambuTx88","3",269
"BambuTx879","3",1046
"BambuTx879","2",104
"BambuTx879","1",655
"BambuTx878","1",152
"BambuTx878","2",444
"BambuTx876","1",173
"BambuTx876","2",114
"BambuTx875","2",357
"BambuTx875","1",743
"BambuTx874","1",225
"BambuTx874","2",200
"BambuTx873","1",119
"BambuTx873","2",187
"BambuTx873","3",818
"BambuTx871","1",74
"BambuTx871","2",432
"BambuTx87","1",102
"BambuTx87","2",90
"BambuTx87","3",82
"BambuTx87","4",505
"BambuTx869","1",70
"BambuTx869","2",145
"BambuTx869","3",378
"BambuTx868","1",247
"BambuTx868","2",207
"BambuTx868","3",232
"BambuTx868","4",98
"BambuTx868","5",1295
"BambuTx867","1",99
"BambuTx867","2",59
"BambuTx867","3",127
"BambuTx867","4",96
"BambuTx867","5",127
"BambuTx866","2",1312
"BambuTx866","1",920
"BambuTx865","1",164
"BambuTx865","2",67
"BambuTx864","3",1275
"BambuTx864","2",178
"BambuTx864","1",44
"BambuTx863","1",452
"BambuTx863","2",810
"BambuTx862","2",265
"BambuTx862","1",173
"BambuTx861","2",262
"BambuTx861","1",228
"BambuTx860","2",218
"BambuTx860","1",270
"BambuTx859","1",100
"BambuTx859","2",436
"BambuTx857","1",175
"BambuTx857","2",135
"BambuTx857","3",179
"BambuTx857","4",103
"BambuTx857","5",171
"BambuTx857","6",106
"BambuTx857","7",103
"BambuTx857","8",206
"BambuTx857","9",377
"BambuTx856","4",147
"BambuTx856","3",90
"BambuTx856","2",144
"BambuTx856","1",144
"BambuTx855","1",89
"BambuTx855","2",842
"BambuTx854","7",1908
"BambuTx854","6",96
"BambuTx854","5",213
"BambuTx854","4",126
"BambuTx854","3",142
"BambuTx854","2",158
"BambuTx854","1",74
"BambuTx853","1",245
"BambuTx853","2",77
"BambuTx853","3",426
"BambuTx852","3",1441
"BambuTx852","2",94
"BambuTx852","1",170
"BambuTx851","1",178
"BambuTx851","2",156
"BambuTx851","3",102
"BambuTx851","4",116
"BambuTx851","5",164
"BambuTx851","6",1063
"BambuTx850","2",937
"BambuTx850","1",253
"BambuTx849","1",248
"BambuTx849","2",77
"BambuTx849","3",219
"BambuTx848","3",387
"BambuTx848","2",111
"BambuTx848","1",55
"BambuTx846","1",1160
"BambuTx846","2",543
"BambuTx845","1",325
"BambuTx845","2",186
"BambuTx845","3",249
"BambuTx844","2",351
"BambuTx844","1",491
"BambuTx843","1",140
"BambuTx843","2",86
"BambuTx843","3",46
"BambuTx843","4",174
"BambuTx843","5",283
"BambuTx841","1",447
"BambuTx841","2",1086
"BambuTx840","1",380
"BambuTx840","2",433
"BambuTx84","3",66
"BambuTx84","2",315
"BambuTx84","1",364
"BambuTx839","1",350
"BambuTx839","2",120
"BambuTx839","3",204
"BambuTx838","1",208
"BambuTx838","2",88
"BambuTx838","3",40
"BambuTx838","4",257
"BambuTx837","3",309
"BambuTx837","2",116
"BambuTx837","1",95
"BambuTx836","1",130
"BambuTx836","2",131
"BambuTx836","3",86
"BambuTx836","4",102
"BambuTx836","5",88
"BambuTx836","6",579
"BambuTx835","1",179
"BambuTx835","2",124
"BambuTx835","3",167
"BambuTx833","1",249
"BambuTx833","2",308
"BambuTx832","1",92
"BambuTx832","2",141
"BambuTx832","3",234
"BambuTx831","7",282
"BambuTx831","6",77
"BambuTx831","5",40
"BambuTx831","4",104
"BambuTx831","3",47
"BambuTx831","2",41
"BambuTx831","1",357
"BambuTx830","2",489
"BambuTx830","1",1058
"BambuTx83","8",1375
"BambuTx83","7",107
"BambuTx83","6",127
"BambuTx83","5",274
"BambuTx83","4",96
"BambuTx83","3",119
"BambuTx83","2",265
"BambuTx83","1",209
"BambuTx828","5",2118
"BambuTx828","4",151
"BambuTx828","3",476
"BambuTx828","2",154
"BambuTx828","1",345
"BambuTx827","1",75
"BambuTx827","2",418
"BambuTx827","3",139
"BambuTx827","4",711
"BambuTx822","3",552
"BambuTx822","2",138
"BambuTx822","1",271
"BambuTx818","1",35
"BambuTx818","2",159
"BambuTx818","3",150
"BambuTx818","4",134
"BambuTx818","5",226
"BambuTx818","6",88
"BambuTx818","7",54
"BambuTx818","8",124
"BambuTx818","9",116
"BambuTx818","10",498
"BambuTx817","1",176
"BambuTx817","2",65
"BambuTx817","3",169
"BambuTx817","4",156
"BambuTx817","5",144
"BambuTx817","6",1227
"BambuTx816","6",851
"BambuTx816","5",152
"BambuTx816","4",116
"BambuTx816","3",102
"BambuTx816","2",135
"BambuTx816","1",197
"BambuTx815","4",177
"BambuTx815","3",46
"BambuTx815","2",199
"BambuTx815","1",129
"BambuTx814","3",320
"BambuTx814","2",298
"BambuTx814","1",170
"BambuTx813","1",416
"BambuTx813","2",429
"BambuTx812","2",526
"BambuTx812","1",431
"BambuTx811","1",93
"BambuTx811","2",123
"BambuTx811","3",125
"BambuTx810","1",245
"BambuTx810","2",140
"BambuTx810","3",127
"BambuTx810","4",90
"BambuTx810","5",1446
"BambuTx81","4",475
"BambuTx81","3",77
"BambuTx81","2",120
"BambuTx81","1",103
"BambuTx809","6",2029
"BambuTx809","5",96
"BambuTx809","4",127
"BambuTx809","3",124
"BambuTx809","2",84
"BambuTx809","1",105
"BambuTx808","6",2098
"BambuTx808","5",96
"BambuTx808","4",127
"BambuTx808","3",104
"BambuTx808","2",84
"BambuTx808","1",104
"BambuTx805","1",65
"BambuTx805","2",418
"BambuTx804","1",227
"BambuTx804","2",813
"BambuTx803","1",160
"BambuTx803","2",100
"BambuTx803","3",138
"BambuTx803","4",184
"BambuTx803","5",113
"BambuTx803","6",127
"BambuTx803","7",94
"BambuTx803","8",88
"BambuTx803","9",59
"BambuTx803","10",72
"BambuTx803","11",130
"BambuTx803","12",135
"BambuTx803","13",65
"BambuTx803","14",148
"BambuTx803","15",30
"BambuTx803","16",59
"BambuTx803","17",61
"BambuTx803","18",81
"BambuTx803","19",177
"BambuTx802","1",162
"BambuTx802","2",100
"BambuTx802","3",138
"BambuTx802","4",184
"BambuTx802","5",113
"BambuTx802","6",127
"BambuTx802","7",94
"BambuTx802","8",88
"BambuTx802","9",59
"BambuTx802","10",72
"BambuTx802","11",130
"BambuTx802","12",135
"BambuTx802","13",65
"BambuTx802","14",148
"BambuTx802","15",30
"BambuTx802","16",59
"BambuTx802","17",65
"BambuTx802","18",81
"BambuTx802","19",2144
"BambuTx801","1",123
"BambuTx801","2",93
"BambuTx801","3",138
"BambuTx801","4",96
"BambuTx801","5",538
"BambuTx800","1",134
"BambuTx800","2",115
"BambuTx800","3",118
"BambuTx800","4",148
"BambuTx800","5",159
"BambuTx800","6",86
"BambuTx800","7",97
"BambuTx800","8",143
"BambuTx800","9",159
"BambuTx800","10",93
"BambuTx800","11",160
"BambuTx800","12",240
"BambuTx800","13",647
"BambuTx80","3",479
"BambuTx80","2",120
"BambuTx80","1",103
"BambuTx799","2",298
"BambuTx799","1",267
"BambuTx797","2",61
"BambuTx797","1",636
"BambuTx796","1",2524
"BambuTx796","2",547
"BambuTx795","1",66
"BambuTx795","2",702
"BambuTx794","9",934
"BambuTx794","8",138
"BambuTx794","7",63
"BambuTx794","6",222
"BambuTx794","5",117
"BambuTx794","4",115
"BambuTx794","3",127
"BambuTx794","2",115
"BambuTx794","1",171
"BambuTx793","1",113
"BambuTx793","2",169
"BambuTx793","3",339
"BambuTx793","4",102
"BambuTx793","5",116
"BambuTx793","6",746
"BambuTx791","1",202
"BambuTx791","2",117
"BambuTx791","3",179
"BambuTx791","4",158
"BambuTx791","5",122
"BambuTx791","6",192
"BambuTx791","7",178
"BambuTx791","8",435
"BambuTx79","2",593
"BambuTx79","1",633
"BambuTx789","4",498
"BambuTx789","3",35
"BambuTx789","2",110
"BambuTx789","1",92
"BambuTx788","1",106
"BambuTx788","2",44
"BambuTx788","3",366
"BambuTx787","2",322
"BambuTx787","1",220
"BambuTx786","2",179
"BambuTx786","1",245
"BambuTx785","2",201
"BambuTx785","1",74
"BambuTx784","12",122
"BambuTx784","11",131
"BambuTx784","10",175
"BambuTx784","9",108
"BambuTx784","8",116
"BambuTx784","7",83
"BambuTx784","6",86
"BambuTx784","5",78
"BambuTx784","4",87
"BambuTx784","3",59
"BambuTx784","2",344
"BambuTx784","1",40
"BambuTx783","1",236
"BambuTx783","2",201
"BambuTx782","1",272
"BambuTx782","2",91
"BambuTx782","3",908
"BambuTx781","1",130
"BambuTx781","2",234
"BambuTx78","1",80
"BambuTx78","2",84
"BambuTx78","3",449
"BambuTx779","2",395
"BambuTx779","1",181
"BambuTx778","1",76
"BambuTx778","2",294
"BambuTx775","1",220
"BambuTx775","2",542
"BambuTx774","5",285
"BambuTx774","4",83
"BambuTx774","3",224
"BambuTx774","2",68
"BambuTx774","1",140
"BambuTx773","7",191
"BambuTx773","6",75
"BambuTx773","5",133
"BambuTx773","4",169
"BambuTx773","3",113
"BambuTx773","2",114
"BambuTx773","1",102
"BambuTx772","1",273
"BambuTx772","2",184
"BambuTx771","1",82
"BambuTx771","2",1123
"BambuTx77","1",184
"BambuTx77","2",411
"BambuTx769","1",254
"BambuTx769","2",126
"BambuTx769","3",107
"BambuTx769","4",122
"BambuTx769","5",163
"BambuTx769","6",110
"BambuTx769","7",117
"BambuTx769","8",150
"BambuTx769","9",118
"BambuTx769","10",198
"BambuTx769","11",102
"BambuTx769","12",129
"BambuTx769","13",141
"BambuTx769","14",144
"BambuTx769","15",64
"BambuTx769","16",1114
"BambuTx768","1",363
"BambuTx768","2",157
"BambuTx768","3",1049
"BambuTx767","2",285
"BambuTx767","1",293
"BambuTx764","1",81
"BambuTx764","2",111
"BambuTx764","3",279
"BambuTx762","1",260
"BambuTx762","2",343
"BambuTx761","3",956
"BambuTx761","2",62
"BambuTx761","1",89
"BambuTx760","1",190
"BambuTx760","2",290
"BambuTx76","2",371
"BambuTx76","1",311
"BambuTx759","1",95
"BambuTx759","2",138
"BambuTx759","3",265
"BambuTx757","1",226
"BambuTx757","2",74
"BambuTx757","3",1879
"BambuTx756","1",610
"BambuTx756","2",128
"BambuTx756","3",97
"BambuTx756","4",98
"BambuTx756","5",140
"BambuTx756","6",59
"BambuTx756","7",83
"BambuTx756","8",88
"BambuTx756","9",69
"BambuTx756","10",153
"BambuTx756","11",104
"BambuTx756","12",646
"BambuTx755","3",630
"BambuTx755","2",91
"BambuTx755","1",115
"BambuTx754","1",342
"BambuTx754","2",714
"BambuTx753","3",365
"BambuTx753","2",131
"BambuTx753","1",516
"BambuTx752","1",54
"BambuTx752","2",100
"BambuTx752","3",208
"BambuTx752","4",126
"BambuTx752","5",101
"BambuTx752","6",144
"BambuTx752","7",629
"BambuTx751","1",51
"BambuTx751","2",100
"BambuTx751","3",208
"BambuTx751","4",126
"BambuTx751","5",461
"BambuTx75","2",174
"BambuTx75","1",82
"BambuTx749","3",826
"BambuTx749","2",152
"BambuTx749","1",111
"BambuTx748","2",852
"BambuTx748","1",481
"BambuTx747","5",465
"BambuTx747","4",132
"BambuTx747","3",192
"BambuTx747","2",186
"BambuTx747","1",67
"BambuTx746","1",260
"BambuTx746","2",483
"BambuTx745","2",226
"BambuTx745","1",300
"BambuTx744","4",1562
"BambuTx744","3",112
"BambuTx744","2",121
"BambuTx744","1",139
"BambuTx743","6",313
"BambuTx743","5",252
"BambuTx743","4",130
"BambuTx743","3",80
"BambuTx743","2",66
"BambuTx743","1",158
"BambuTx742","2",478
"BambuTx742","1",290
"BambuTx741","2",478
"BambuTx741","1",221
"BambuTx740","1",555
"BambuTx740","2",102
"BambuTx740","3",200
"BambuTx74","1",84
"BambuTx74","2",247
"BambuTx739","3",256
"BambuTx739","2",114
"BambuTx739","1",98
"BambuTx737","1",152
"BambuTx737","2",502
"BambuTx736","2",303
"BambuTx736","1",38
"BambuTx735","1",128
"BambuTx735","2",1190
"BambuTx734","1",431
"BambuTx734","2",1196
"BambuTx733","1",83
"BambuTx733","2",407
"BambuTx732","1",83
"BambuTx732","2",601
"BambuTx730","3",623
"BambuTx730","2",141
"BambuTx730","1",365
"BambuTx73","1",339
"BambuTx73","2",114
"BambuTx73","3",179
"BambuTx73","4",125
"BambuTx73","5",1029
"BambuTx729","1",141
"BambuTx729","2",154
"BambuTx729","3",223
"BambuTx728","1",154
"BambuTx728","2",1105
"BambuTx727","10",254
"BambuTx727","9",73
"BambuTx727","8",64
"BambuTx727","7",46
"BambuTx727","6",49
"BambuTx727","5",53
"BambuTx727","4",59
"BambuTx727","3",57
"BambuTx727","2",75
"BambuTx727","1",204
"BambuTx726","2",1066
"BambuTx726","1",150
"BambuTx725","2",514
"BambuTx725","1",130
"BambuTx723","4",84
"BambuTx723","3",99
"BambuTx723","2",159
"BambuTx723","1",199
"BambuTx722","3",323
"BambuTx722","2",127
"BambuTx722","1",170
"BambuTx721","4",106
"BambuTx721","3",66
"BambuTx721","2",127
"BambuTx721","1",173
"BambuTx720","4",1043
"BambuTx720","3",96
"BambuTx720","2",127
"BambuTx720","1",187
"BambuTx72","2",1745
"BambuTx72","1",176
"BambuTx719","4",277
"BambuTx719","3",96
"BambuTx719","2",127
"BambuTx719","1",190
"BambuTx718","1",175
"BambuTx718","2",74
"BambuTx718","3",120
"BambuTx718","4",131
"BambuTx718","5",674
"BambuTx717","1",179
"BambuTx717","2",127
"BambuTx717","3",96
"BambuTx717","4",677
"BambuTx716","2",506
"BambuTx716","1",97
"BambuTx715","2",462
"BambuTx715","1",112
"BambuTx714","1",149
"BambuTx714","2",225
"BambuTx714","3",41
"BambuTx714","4",703
"BambuTx713","3",509
"BambuTx713","2",133
"BambuTx713","1",434
"BambuTx712","2",382
"BambuTx712","1",167
"BambuTx711","1",152
"BambuTx711","2",264
"BambuTx711","3",470
"BambuTx710","6",815
"BambuTx710","5",171
"BambuTx710","4",58
"BambuTx710","3",129
"BambuTx710","2",710
"BambuTx710","1",153
"BambuTx71","1",177
"BambuTx71","2",70
"BambuTx71","3",567
"BambuTx709","1",146
"BambuTx709","2",89
"BambuTx709","3",67
"BambuTx709","4",62
"BambuTx709","5",107
"BambuTx709","6",224
"BambuTx708","3",139
"BambuTx708","2",89
"BambuTx708","1",85
"BambuTx707","3",550
"BambuTx707","2",89
"BambuTx707","1",85
"BambuTx706","1",249
"BambuTx706","2",1544
"BambuTx703","1",464
"BambuTx703","2",642
"BambuTx701","1",260
"BambuTx701","2",1446
"BambuTx700","2",472
"BambuTx700","1",160
"BambuTx70","2",1690
"BambuTx70","1",632
"BambuTx7","2",145
"BambuTx7","1",208
"BambuTx699","2",1108
"BambuTx699","1",227
"BambuTx698","3",1360
"BambuTx698","2",251
"BambuTx698","1",238
"BambuTx697","1",104
"BambuTx697","2",193
"BambuTx697","3",726
"BambuTx696","1",402
"BambuTx696","2",914
"BambuTx695","9",229
"BambuTx695","8",216
"BambuTx695","7",90
"BambuTx695","6",78
"BambuTx695","5",111
"BambuTx695","4",137
"BambuTx695","3",107
"BambuTx695","2",145
"BambuTx695","1",125
"BambuTx694","1",350
"BambuTx694","2",945
"BambuTx693","3",254
"BambuTx693","2",26
"BambuTx693","1",215
"BambuTx691","1",196
"BambuTx691","2",147
"BambuTx691","3",105
"BambuTx691","4",682
"BambuTx690","1",225
"BambuTx690","2",550
"BambuTx69","1",362
"BambuTx69","2",75
"BambuTx69","3",68
"BambuTx69","4",65
"BambuTx69","5",381
"BambuTx689","1",211
"BambuTx689","2",73
"BambuTx689","3",137
"BambuTx689","4",583
"BambuTx688","1",124
"BambuTx688","2",133
"BambuTx688","3",269
"BambuTx686","2",411
"BambuTx686","1",123
"BambuTx685","2",298
"BambuTx685","1",247
"BambuTx681","1",795
"BambuTx681","2",110
"BambuTx681","3",53
"BambuTx681","4",92
"BambuTx681","5",135
"BambuTx680","1",466
"BambuTx680","2",708
"BambuTx68","1",246
"BambuTx68","2",112
"BambuTx68","3",165
"BambuTx68","4",227
"BambuTx68","5",237
"BambuTx68","6",186
"BambuTx679","3",1093
"BambuTx679","2",131
"BambuTx679","1",260
"BambuTx678","1",72
"BambuTx678","2",114
"BambuTx678","3",1456
"BambuTx677","1",379
"BambuTx677","2",498
"BambuTx676","2",304
"BambuTx676","1",612
"BambuTx674","1",136
"BambuTx674","2",83
"BambuTx674","3",145
"BambuTx673","1",277
"BambuTx673","2",277
"BambuTx673","3",501
"BambuTx671","2",281
"BambuTx671","1",118
"BambuTx67","3",263
"BambuTx67","2",115
"BambuTx67","1",156
"BambuTx668","1",84
"BambuTx668","2",1783
"BambuTx667","3",1191
"BambuTx667","2",119
"BambuTx667","1",224
"BambuTx666","2",1668
"BambuTx666","1",338
"BambuTx665","2",1669
"BambuTx665","1",360
"BambuTx664","3",1480
"BambuTx664","2",89
"BambuTx664","1",117
"BambuTx663","1",1153
"BambuTx663","2",1321
"BambuTx662","1",138
"BambuTx662","2",229
"BambuTx662","3",528
"BambuTx661","15",1077
"BambuTx661","14",122
"BambuTx661","13",91
"BambuTx661","12",124
"BambuTx661","11",123
"BambuTx661","10",129
"BambuTx661","9",140
"BambuTx661","8",47
"BambuTx661","7",60
"BambuTx661","6",88
"BambuTx661","5",84
"BambuTx661","4",132
"BambuTx661","3",73
"BambuTx661","2",119
"BambuTx661","1",160
"BambuTx660","1",213
"BambuTx660","2",396
"BambuTx659","1",93
"BambuTx659","2",798
"BambuTx658","1",130
"BambuTx658","2",336
"BambuTx656","1",148
"BambuTx656","2",214
"BambuTx654","2",1352
"BambuTx654","1",170
"BambuTx653","2",1022
"BambuTx653","1",144
"BambuTx652","4",800
"BambuTx652","3",54
"BambuTx652","2",54
"BambuTx652","1",65
"BambuTx651","2",320
"BambuTx651","1",31
"BambuTx650","1",707
"BambuTx650","2",617
"BambuTx649","2",180
"BambuTx649","1",112
"BambuTx648","1",328
"BambuTx648","2",88
"BambuTx648","3",747
"BambuTx647","1",114
"BambuTx647","2",585
"BambuTx646","3",1448
"BambuTx646","2",177
"BambuTx646","1",217
"BambuTx645","1",206
"BambuTx645","2",204
"BambuTx645","3",612
"BambuTx644","1",354
"BambuTx644","2",1279
"BambuTx643","3",352
"BambuTx643","2",79
"BambuTx643","1",243
"BambuTx642","1",107
"BambuTx642","2",44
"BambuTx642","3",186
"BambuTx641","1",155
"BambuTx641","2",99
"BambuTx641","3",161
"BambuTx641","4",125
"BambuTx641","5",130
"BambuTx641","6",111
"BambuTx641","7",173
"BambuTx641","8",184
"BambuTx64","9",1212
"BambuTx64","8",49
"BambuTx64","7",112
"BambuTx64","6",103
"BambuTx64","5",203
"BambuTx64","4",147
"BambuTx64","3",108
"BambuTx64","2",69
"BambuTx64","1",92
"BambuTx639","2",456
"BambuTx639","1",114
"BambuTx638","1",75
"BambuTx638","2",172
"BambuTx638","3",232
"BambuTx638","4",245
"BambuTx637","1",75
"BambuTx637","2",74
"BambuTx637","3",172
"BambuTx637","4",232
"BambuTx637","5",245
"BambuTx635","1",441
"BambuTx635","2",1847
"BambuTx634","1",436
"BambuTx634","2",830
"BambuTx633","1",87
"BambuTx633","2",350
"BambuTx631","1",91
"BambuTx631","2",95
"BambuTx631","3",263
"BambuTx630","1",170
"BambuTx630","2",122
"BambuTx630","3",1263
"BambuTx63","1",214
"BambuTx63","2",771
"BambuTx629","2",281
"BambuTx629","1",342
"BambuTx627","1",189
"BambuTx627","2",102
"BambuTx627","3",76
"BambuTx627","4",1008
"BambuTx625","8",294
"BambuTx625","7",93
"BambuTx625","6",134
"BambuTx625","5",99
"BambuTx625","4",50
"BambuTx625","3",67
"BambuTx625","2",88
"BambuTx625","1",117
"BambuTx623","2",535
"BambuTx623","1",177
"BambuTx622","2",316
"BambuTx622","1",271
"BambuTx621","2",908
"BambuTx621","1",169
"BambuTx62","3",972
"BambuTx62","2",80
"BambuTx62","1",269
"BambuTx618","12",1488
"BambuTx618","11",121
"BambuTx618","10",198
"BambuTx618","9",79
"BambuTx618","8",167
"BambuTx618","7",146
"BambuTx618","6",112
"BambuTx618","5",92
"BambuTx618","4",97
"BambuTx618","3",94
"BambuTx618","2",191
"BambuTx618","1",665
"BambuTx617","4",1034
"BambuTx617","3",131
"BambuTx617","2",69
"BambuTx617","1",260
"BambuTx616","1",130
"BambuTx616","2",1415
"BambuTx615","1",175
"BambuTx615","2",1628
"BambuTx614","6",2018
"BambuTx614","5",93
"BambuTx614","4",127
"BambuTx614","3",152
"BambuTx614","2",59
"BambuTx614","1",166
"BambuTx613","3",233
"BambuTx613","2",186
"BambuTx613","1",156
"BambuTx612","3",233
"BambuTx612","2",186
"BambuTx612","1",160
"BambuTx611","1",329
"BambuTx611","2",145
"BambuTx61","1",93
"BambuTx61","2",888
"BambuTx609","1",35
"BambuTx609","2",117
"BambuTx609","3",206
"BambuTx609","4",953
"BambuTx608","1",149
"BambuTx608","2",226
"BambuTx608","3",104
"BambuTx608","4",130
"BambuTx608","5",545
"BambuTx607","1",79
"BambuTx607","2",406
"BambuTx606","4",1492
"BambuTx606","3",114
"BambuTx606","2",78
"BambuTx606","1",81
"BambuTx605","3",439
"BambuTx605","2",141
"BambuTx605","1",114
"BambuTx604","3",438
"BambuTx604","2",141
"BambuTx604","1",80
"BambuTx603","3",204
"BambuTx603","2",139
"BambuTx603","1",103
"BambuTx602","1",206
"BambuTx602","2",74
"BambuTx602","3",872
"BambuTx601","4",616
"BambuTx601","3",128
"BambuTx601","2",92
"BambuTx601","1",137
"BambuTx60","3",663
"BambuTx60","2",179
"BambuTx60","1",151
"BambuTx6","2",226
"BambuTx6","1",174
"BambuTx599","3",138
"BambuTx599","2",172
"BambuTx599","1",100
"BambuTx598","1",357
"BambuTx598","2",158
"BambuTx597","2",1662
"BambuTx597","1",95
"BambuTx594","1",153
"BambuTx594","2",2211
"BambuTx593","1",147
"BambuTx593","2",159
"BambuTx593","3",1947
"BambuTx591","1",457
"BambuTx591","2",1154
"BambuTx59","14",744
"BambuTx59","13",92
"BambuTx59","12",97
"BambuTx59","11",102
"BambuTx59","10",152
"BambuTx59","9",65
"BambuTx59","8",173
"BambuTx59","7",161
"BambuTx59","6",322
"BambuTx59","5",140
"BambuTx59","4",190
"BambuTx59","3",107
"BambuTx59","2",151
"BambuTx59","1",124
"BambuTx587","3",1623
"BambuTx587","2",123
"BambuTx587","1",73
"BambuTx586","2",1411
"BambuTx586","1",138
"BambuTx585","2",314
"BambuTx585","1",290
"BambuTx584","3",129
"BambuTx584","2",138
"BambuTx584","1",93
"BambuTx583","3",885
"BambuTx583","2",99
"BambuTx583","1",159
"BambuTx580","1",213
"BambuTx580","2",55
"BambuTx580","3",58
"BambuTx580","4",238
"BambuTx58","1",235
"BambuTx58","2",93
"BambuTx58","3",113
"BambuTx58","4",185
"BambuTx58","5",159
"BambuTx58","6",95
"BambuTx58","7",159
"BambuTx58","8",1908
"BambuTx579","1",150
"BambuTx579","2",46
"BambuTx579","3",61
"BambuTx579","4",38
"BambuTx579","5",61
"BambuTx579","6",318
"BambuTx578","1",300
"BambuTx578","2",530
"BambuTx577","1",132
"BambuTx577","2",619
"BambuTx576","1",78
"BambuTx576","2",177
"BambuTx576","3",245
"BambuTx574","2",2496
"BambuTx574","1",158
"BambuTx573","1",83
"BambuTx573","2",1711
"BambuTx572","2",745
"BambuTx572","1",207
"BambuTx571","1",436
"BambuTx571","2",152
"BambuTx571","3",118
"BambuTx571","4",134
"BambuTx571","5",707
"BambuTx570","2",329
"BambuTx570","1",260
"BambuTx569","1",232
"BambuTx569","2",747
"BambuTx568","1",156
"BambuTx568","2",167
"BambuTx568","3",193
"BambuTx568","4",168
"BambuTx568","5",1094
"BambuTx567","1",151
"BambuTx567","2",402
"BambuTx566","3",752
"BambuTx566","2",359
"BambuTx566","1",168
"BambuTx565","1",151
"BambuTx565","2",55
"BambuTx565","3",170
"BambuTx563","1",98
"BambuTx563","2",97
"BambuTx563","3",122
"BambuTx563","4",92
"BambuTx562","1",446
"BambuTx562","2",730
"BambuTx561","1",97
"BambuTx561","2",84
"BambuTx561","3",115
"BambuTx561","4",52
"BambuTx561","5",89
"BambuTx561","6",113
"BambuTx561","7",1361
"BambuTx56","1",345
"BambuTx56","2",75
"BambuTx559","1",100
"BambuTx559","2",371
"BambuTx558","2",1605
"BambuTx558","1",208
"BambuTx557","4",182
"BambuTx557","3",61
"BambuTx557","2",74
"BambuTx557","1",117
"BambuTx555","1",71
"BambuTx555","2",78
"BambuTx555","3",81
"BambuTx555","4",147
"BambuTx555","5",74
"BambuTx555","6",184
"BambuTx555","7",282
"BambuTx554","5",427
"BambuTx554","4",153
"BambuTx554","3",78
"BambuTx554","2",126
"BambuTx554","1",176
"BambuTx553","4",1127
"BambuTx553","3",111
"BambuTx553","2",94
"BambuTx553","1",157
"BambuTx552","1",71
"BambuTx552","2",216
"BambuTx552","3",301
"BambuTx551","1",1533
"BambuTx551","2",291
"BambuTx549","2",2780
"BambuTx549","1",192
"BambuTx548","1",83
"BambuTx548","2",193
"BambuTx548","3",119
"BambuTx548","4",170
"BambuTx548","5",103
"BambuTx548","6",177
"BambuTx548","7",665
"BambuTx547","1",176
"BambuTx547","2",100
"BambuTx547","3",247
"BambuTx546","1",36
"BambuTx546","2",412
"BambuTx544","2",1183
"BambuTx544","1",145
"BambuTx543","3",815
"BambuTx543","2",90
"BambuTx543","1",215
"BambuTx540","1",92
"BambuTx540","2",607
"BambuTx539","2",454
"BambuTx539","1",232
"BambuTx538","1",230
"BambuTx538","2",98
"BambuTx538","3",116
"BambuTx538","4",795
"BambuTx537","2",331
"BambuTx537","1",410
"BambuTx535","1",76
"BambuTx535","2",331
"BambuTx534","2",405
"BambuTx534","1",64
"BambuTx533","1",743
"BambuTx533","2",64
"BambuTx533","3",380
"BambuTx532","2",187
"BambuTx532","1",133
"BambuTx530","1",118
"BambuTx530","2",161
"BambuTx530","3",81
"BambuTx530","4",111
"BambuTx530","5",60
"BambuTx530","6",111
"BambuTx530","7",144
"BambuTx530","8",174
"BambuTx530","9",664
"BambuTx529","2",425
"BambuTx529","1",448
"BambuTx526","2",510
"BambuTx526","1",275
"BambuTx525","1",161
"BambuTx525","2",309
"BambuTx524","3",373
"BambuTx524","2",167
"BambuTx524","1",219
"BambuTx523","7",246
"BambuTx523","6",150
"BambuTx523","5",93
"BambuTx523","4",137
"BambuTx523","3",79
"BambuTx523","2",107
"BambuTx523","1",732
"BambuTx522","2",807
"BambuTx522","1",253
"BambuTx520","3",322
"BambuTx520","2",143
"BambuTx520","1",64
"BambuTx52","2",358
"BambuTx52","1",208
"BambuTx519","1",148
"BambuTx519","2",343
"BambuTx519","3",530
"BambuTx518","2",456
"BambuTx518","1",489
"BambuTx517","1",92
"BambuTx517","2",96
"BambuTx517","3",144
"BambuTx517","4",815
"BambuTx516","2",944
"BambuTx516","1",145
"BambuTx515","1",148
"BambuTx515","2",126
"BambuTx515","3",122
"BambuTx515","4",1306
"BambuTx513","1",272
"BambuTx513","2",356
"BambuTx512","1",126
"BambuTx512","2",98
"BambuTx512","3",127
"BambuTx512","4",96
"BambuTx512","5",95
"BambuTx512","6",1565
"BambuTx511","1",363
"BambuTx511","2",225
"BambuTx511","3",168
"BambuTx511","4",107
"BambuTx511","5",281
"BambuTx510","3",957
"BambuTx510","2",264
"BambuTx510","1",220
"BambuTx509","1",85
"BambuTx509","2",231
"BambuTx509","3",1026
"BambuTx508","1",300
"BambuTx508","2",231
"BambuTx508","3",1021
"BambuTx507","1",149
"BambuTx507","2",251
"BambuTx506","1",103
"BambuTx506","2",460
"BambuTx505","1",129
"BambuTx505","2",163
"BambuTx504","1",158
"BambuTx504","2",80
"BambuTx504","3",127
"BambuTx504","4",129
"BambuTx504","5",833
"BambuTx503","5",2026
"BambuTx503","4",98
"BambuTx503","3",121
"BambuTx503","2",82
"BambuTx503","1",55
"BambuTx502","4",231
"BambuTx502","3",127
"BambuTx502","2",88
"BambuTx502","1",48
"BambuTx501","3",1383
"BambuTx501","2",88
"BambuTx501","1",48
"BambuTx50","1",109
"BambuTx50","2",610
"BambuTx50","3",63
"BambuTx50","4",216
"BambuTx50","5",129
"BambuTx50","6",225
"BambuTx50","7",102
"BambuTx50","8",1563
"BambuTx5","1",308
"BambuTx5","2",581
"BambuTx499","1",46
"BambuTx499","2",102
"BambuTx499","3",82
"BambuTx499","4",127
"BambuTx499","5",306
"BambuTx498","2",1284
"BambuTx498","1",207
"BambuTx496","6",1874
"BambuTx496","5",139
"BambuTx496","4",96
"BambuTx496","3",127
"BambuTx496","2",186
"BambuTx496","1",66
"BambuTx495","8",165
"BambuTx495","7",75
"BambuTx495","6",96
"BambuTx495","5",127
"BambuTx495","4",79
"BambuTx495","3",199
"BambuTx495","2",92
"BambuTx495","1",83
"BambuTx494","3",937
"BambuTx494","2",139
"BambuTx494","1",83
"BambuTx493","5",96
"BambuTx493","4",60
"BambuTx493","3",98
"BambuTx493","2",41
"BambuTx493","1",24
"BambuTx491","1",175
"BambuTx491","2",149
"BambuTx491","3",162
"BambuTx491","4",168
"BambuTx49","2",391
"BambuTx49","1",236
"BambuTx489","1",139
"BambuTx489","2",163
"BambuTx489","3",102
"BambuTx489","4",179
"BambuTx487","3",1229
"BambuTx487","2",87
"BambuTx487","1",767
"BambuTx486","3",687
"BambuTx486","2",127
"BambuTx486","1",728
"BambuTx485","2",1472
"BambuTx485","1",24
"BambuTx484","2",785
"BambuTx484","1",526
"BambuTx481","2",601
"BambuTx481","1",309
"BambuTx480","1",64
"BambuTx480","2",812
"BambuTx479","1",438
"BambuTx479","2",1408
"BambuTx478","1",232
"BambuTx478","2",127
"BambuTx478","3",96
"BambuTx478","4",1462
"BambuTx477","1",264
"BambuTx477","2",170
"BambuTx477","3",144
"BambuTx476","2",386
"BambuTx476","1",211
"BambuTx474","4",325
"BambuTx474","3",96
"BambuTx474","2",127
"BambuTx474","1",148
"BambuTx473","4",305
"BambuTx473","3",96
"BambuTx473","2",127
"BambuTx473","1",145
"BambuTx472","3",305
"BambuTx472","2",96
"BambuTx472","1",145
"BambuTx471","4",454
"BambuTx471","3",96
"BambuTx471","2",127
"BambuTx471","1",182
"BambuTx470","1",176
"BambuTx470","2",1152
"BambuTx469","4",1506
"BambuTx469","3",96
"BambuTx469","2",127
"BambuTx469","1",201
"BambuTx464","4",561
"BambuTx464","3",96
"BambuTx464","2",127
"BambuTx464","1",153
"BambuTx463","4",1341
"BambuTx463","3",48
"BambuTx463","2",95
"BambuTx463","1",154
"BambuTx46","1",140
"BambuTx46","2",1045
"BambuTx459","1",110
"BambuTx459","2",79
"BambuTx459","3",72
"BambuTx459","4",70
"BambuTx459","5",109
"BambuTx459","6",252
"BambuTx457","3",547
"BambuTx457","2",111
"BambuTx457","1",216
"BambuTx455","1",295
"BambuTx455","2",319
"BambuTx454","4",119
"BambuTx454","3",196
"BambuTx454","2",148
"BambuTx454","1",122
"BambuTx453","2",1196
"BambuTx453","1",473
"BambuTx452","2",753
"BambuTx452","1",473
"BambuTx451","2",1702
"BambuTx451","1",330
"BambuTx450","1",139
"BambuTx450","2",242
"BambuTx45","2",622
"BambuTx45","1",89
"BambuTx447","1",159
"BambuTx447","2",174
"BambuTx445","2",301
"BambuTx445","1",617
"BambuTx443","1",379
"BambuTx443","2",1991
"BambuTx441","1",252
"BambuTx441","2",218
"BambuTx440","1",113
"BambuTx440","2",277
"BambuTx44","1",94
"BambuTx44","2",80
"BambuTx44","3",189
"BambuTx44","4",75
"BambuTx44","5",96
"BambuTx44","6",81
"BambuTx44","7",84
"BambuTx44","8",799
"BambuTx439","1",224
"BambuTx439","2",272
"BambuTx438","3",748
"BambuTx438","2",122
"BambuTx438","1",80
"BambuTx437","2",744
"BambuTx437","1",80
"BambuTx436","1",125
"BambuTx436","2",98
"BambuTx436","3",221
"BambuTx434","2",319
"BambuTx434","1",493
"BambuTx433","4",396
"BambuTx433","3",36
"BambuTx433","2",129
"BambuTx433","1",220
"BambuTx432","1",130
"BambuTx432","2",215
"BambuTx431","2",322
"BambuTx431","1",299
"BambuTx430","2",273
"BambuTx430","1",119
"BambuTx43","3",651
"BambuTx43","2",273
"BambuTx43","1",315
"BambuTx429","3",2289
"BambuTx429","2",226
"BambuTx429","1",162
"BambuTx428","1",127
"BambuTx428","2",67
"BambuTx428","3",1042
"BambuTx427","1",166
"BambuTx427","2",71
"BambuTx427","3",951
"BambuTx426","3",572
"BambuTx426","2",160
"BambuTx426","1",397
"BambuTx425","3",61
"BambuTx425","2",169
"BambuTx425","1",121
"BambuTx424","1",204
"BambuTx424","2",51
"BambuTx424","3",54
"BambuTx424","4",1263
"BambuTx423","1",204
"BambuTx423","2",51
"BambuTx423","3",1260
"BambuTx422","1",542
"BambuTx422","2",96
"BambuTx422","3",262
"BambuTx421","2",310
"BambuTx421","1",134
"BambuTx420","1",74
"BambuTx420","2",36
"BambuTx420","3",143
"BambuTx420","4",95
"BambuTx420","5",116
"BambuTx420","6",183
"BambuTx419","1",185
"BambuTx419","2",774
"BambuTx418","1",208
"BambuTx418","2",206
"BambuTx417","1",208
"BambuTx417","2",98
"BambuTx417","3",358
"BambuTx416","2",1014
"BambuTx416","1",102
"BambuTx414","1",97
"BambuTx414","2",123
"BambuTx414","3",1927
"BambuTx413","2",580
"BambuTx413","1",174
"BambuTx412","1",213
"BambuTx412","2",1707
"BambuTx410","2",1378
"BambuTx410","1",194
"BambuTx41","2",471
"BambuTx41","1",227
"BambuTx407","1",374
"BambuTx407","2",411
"BambuTx406","1",104
"BambuTx406","2",330
"BambuTx405","4",1710
"BambuTx405","3",159
"BambuTx405","2",99
"BambuTx405","1",88
"BambuTx404","3",318
"BambuTx404","2",80
"BambuTx404","1",92
"BambuTx402","2",1009
"BambuTx402","1",1250
"BambuTx401","1",288
"BambuTx401","2",104
"BambuTx401","3",91
"BambuTx401","4",324
"BambuTx400","1",376
"BambuTx400","2",1795
"BambuTx40","1",217
"BambuTx40","2",602
"BambuTx4","2",236
"BambuTx4","1",144
"BambuTx397","2",569
"BambuTx397","1",270
"BambuTx396","2",545
"BambuTx396","1",226
"BambuTx395","2",1019
"BambuTx395","1",123
"BambuTx394","1",225
"BambuTx394","2",172
"BambuTx394","3",183
"BambuTx394","4",621
"BambuTx393","4",660
"BambuTx393","3",233
"BambuTx393","2",227
"BambuTx393","1",173
"BambuTx392","4",926
"BambuTx392","3",118
"BambuTx392","2",143
"BambuTx392","1",199
"BambuTx390","2",136
"BambuTx390","1",355
"BambuTx39","4",321
"BambuTx39","3",92
"BambuTx39","2",54
"BambuTx39","1",117
"BambuTx389","2",2354
"BambuTx389","1",630
"BambuTx387","8",376
"BambuTx387","7",247
"BambuTx387","6",126
"BambuTx387","5",162
"BambuTx387","4",157
"BambuTx387","3",83
"BambuTx387","2",132
"BambuTx387","1",97
"BambuTx386","5",726
"BambuTx386","4",221
"BambuTx386","3",126
"BambuTx386","2",162
"BambuTx386","1",104
"BambuTx385","1",104
"BambuTx385","2",110
"BambuTx385","3",268
"BambuTx385","4",559
"BambuTx380","1",514
"BambuTx380","2",47
"BambuTx380","3",65
"BambuTx380","4",69
"BambuTx380","5",740
"BambuTx379","2",320
"BambuTx379","1",121
"BambuTx377","4",1016
"BambuTx377","3",129
"BambuTx377","2",136
"BambuTx377","1",147
"BambuTx376","2",2610
"BambuTx376","1",131
"BambuTx375","1",195
"BambuTx375","2",94
"BambuTx375","3",159
"BambuTx375","4",285
"BambuTx374","1",195
"BambuTx374","2",94
"BambuTx374","3",840
"BambuTx373","3",1078
"BambuTx373","2",108
"BambuTx373","1",170
"BambuTx372","1",115
"BambuTx372","2",1777
"BambuTx371","1",510
"BambuTx371","2",71
"BambuTx371","3",186
"BambuTx370","1",31
"BambuTx370","2",319
"BambuTx370","3",89
"BambuTx370","4",115
"BambuTx370","5",93
"BambuTx370","6",1001
"BambuTx37","2",752
"BambuTx37","1",107
"BambuTx369","2",1320
"BambuTx369","1",218
"BambuTx368","7",1305
"BambuTx368","6",111
"BambuTx368","5",85
"BambuTx368","4",89
"BambuTx368","3",190
"BambuTx368","2",469
"BambuTx368","1",615
"BambuTx367","2",678
"BambuTx367","1",168
"BambuTx366","1",318
"BambuTx366","2",118
"BambuTx366","3",1012
"BambuTx365","3",618
"BambuTx365","2",135
"BambuTx365","1",956
"BambuTx364","4",618
"BambuTx364","3",135
"BambuTx364","2",66
"BambuTx364","1",965
"BambuTx363","2",2239
"BambuTx363","1",106
"BambuTx362","2",318
"BambuTx362","1",770
"BambuTx360","1",180
"BambuTx360","2",240
"BambuTx360","3",1230
"BambuTx36","3",321
"BambuTx36","2",115
"BambuTx36","1",126
"BambuTx359","2",297
"BambuTx359","1",106
"BambuTx357","1",418
"BambuTx357","2",1822
"BambuTx356","2",560
"BambuTx356","1",522
"BambuTx355","1",322
"BambuTx355","2",326
"BambuTx355","3",865
"BambuTx353","2",441
"BambuTx353","1",127
"BambuTx352","9",388
"BambuTx352","8",180
"BambuTx352","7",119
"BambuTx352","6",429
"BambuTx352","5",145
"BambuTx352","4",231
"BambuTx352","3",178
"BambuTx352","2",122
"BambuTx352","1",56
"BambuTx351","1",302
"BambuTx351","2",181
"BambuTx350","3",598
"BambuTx350","2",160
"BambuTx350","1",109
"BambuTx35","2",313
"BambuTx35","1",378
"BambuTx348","3",736
"BambuTx348","2",102
"BambuTx348","1",200
"BambuTx347","2",559
"BambuTx347","1",331
"BambuTx346","1",95
"BambuTx346","2",636
"BambuTx346","3",102
"BambuTx346","4",3310
"BambuTx345","3",284
"BambuTx345","2",297
"BambuTx345","1",67
"BambuTx344","3",1923
"BambuTx344","2",198
"BambuTx344","1",271
"BambuTx342","1",171
"BambuTx342","2",127
"BambuTx342","3",162
"BambuTx342","4",156
"BambuTx342","5",81
"BambuTx342","6",156
"BambuTx342","7",108
"BambuTx342","8",917
"BambuTx34","3",1913
"BambuTx34","2",177
"BambuTx34","1",105
"BambuTx338","1",446
"BambuTx338","2",276
"BambuTx338","3",312
"BambuTx336","1",68
"BambuTx336","2",150
"BambuTx336","3",619
"BambuTx335","2",645
"BambuTx335","1",115
"BambuTx334","3",176
"BambuTx334","2",244
"BambuTx334","1",241
"BambuTx331","2",669
"BambuTx331","1",116
"BambuTx330","1",238
"BambuTx330","2",158
"BambuTx33","4",269
"BambuTx33","3",122
"BambuTx33","2",177
"BambuTx33","1",107
"BambuTx329","9",394
"BambuTx329","8",150
"BambuTx329","7",266
"BambuTx329","6",134
"BambuTx329","5",102
"BambuTx329","4",81
"BambuTx329","3",63
"BambuTx329","2",74
"BambuTx329","1",111
"BambuTx328","2",831
"BambuTx328","1",202
"BambuTx327","1",84
"BambuTx327","2",585
"BambuTx325","1",182
"BambuTx325","2",124
"BambuTx325","3",758
"BambuTx324","1",217
"BambuTx324","2",281
"BambuTx323","1",491
"BambuTx323","2",119
"BambuTx323","3",355
"BambuTx322","3",162
"BambuTx322","2",81
"BambuTx322","1",334
"BambuTx321","4",2012
"BambuTx321","3",132
"BambuTx321","2",124
"BambuTx321","1",408
"BambuTx32","1",175
"BambuTx32","2",144
"BambuTx32","3",392
"BambuTx319","3",314
"BambuTx319","2",118
"BambuTx319","1",125
"BambuTx317","1",185
"BambuTx317","2",1043
"BambuTx315","6",1444
"BambuTx315","5",142
"BambuTx315","4",172
"BambuTx315","3",207
"BambuTx315","2",138
"BambuTx315","1",437
"BambuTx313","3",237
"BambuTx313","2",81
"BambuTx313","1",120
"BambuTx312","2",1243
"BambuTx312","1",230
"BambuTx31","1",308
"BambuTx31","2",662
"BambuTx309","5",663
"BambuTx309","4",94
"BambuTx309","3",62
"BambuTx309","2",209
"BambuTx309","1",261
"BambuTx307","1",157
"BambuTx307","2",70
"BambuTx307","3",117
"BambuTx307","4",242
"BambuTx306","4",987
"BambuTx306","3",157
"BambuTx306","2",256
"BambuTx306","1",65
"BambuTx305","8",1489
"BambuTx305","7",245
"BambuTx305","6",153
"BambuTx305","5",138
"BambuTx305","4",83
"BambuTx305","3",221
"BambuTx305","2",103
"BambuTx305","1",114
"BambuTx304","1",206
"BambuTx304","2",95
"BambuTx304","3",58
"BambuTx304","4",46
"BambuTx304","5",127
"BambuTx302","1",209
"BambuTx302","2",126
"BambuTx301","1",276
"BambuTx301","2",844
"BambuTx300","2",343
"BambuTx300","1",91
"BambuTx3","1",124
"BambuTx3","2",99
"BambuTx3","3",425
"BambuTx299","1",347
"BambuTx299","2",1030
"BambuTx298","1",299
"BambuTx298","2",328
"BambuTx297","2",466
"BambuTx297","1",53
"BambuTx296","1",472
"BambuTx296","2",325
"BambuTx295","2",202
"BambuTx295","1",311
"BambuTx294","2",758
"BambuTx294","1",158
"BambuTx293","1",189
"BambuTx293","2",84
"BambuTx293","3",119
"BambuTx293","4",909
"BambuTx292","1",111
"BambuTx292","2",84
"BambuTx292","3",119
"BambuTx292","4",909
"BambuTx291","1",558
"BambuTx291","2",65
"BambuTx291","3",720
"BambuTx290","1",152
"BambuTx290","2",474
"BambuTx29","2",784
"BambuTx29","1",115
"BambuTx289","1",159
"BambuTx289","2",474
"BambuTx287","3",313
"BambuTx287","2",180
"BambuTx287","1",178
"BambuTx286","3",499
"BambuTx286","2",93
"BambuTx286","1",124
"BambuTx285","4",533
"BambuTx285","3",317
"BambuTx285","2",168
"BambuTx285","1",295
"BambuTx283","2",1303
"BambuTx283","1",133
"BambuTx281","2",175
"BambuTx281","1",212
"BambuTx280","1",158
"BambuTx280","2",118
"BambuTx280","3",140
"BambuTx280","4",178
"BambuTx280","5",148
"BambuTx280","6",108
"BambuTx280","7",554
"BambuTx28","5",1052
"BambuTx28","4",143
"BambuTx28","3",120
"BambuTx28","2",115
"BambuTx28","1",87
"BambuTx279","1",183
"BambuTx279","2",93
"BambuTx279","3",186
"BambuTx279","4",122
"BambuTx279","5",114
"BambuTx279","6",1034
"BambuTx278","2",953
"BambuTx278","1",62
"BambuTx277","1",119
"BambuTx277","2",127
"BambuTx277","3",122
"BambuTx277","4",66
"BambuTx277","5",243
"BambuTx276","1",66
"BambuTx276","2",112
"BambuTx276","3",209
"BambuTx276","4",325
"BambuTx275","1",332
"BambuTx275","2",134
"BambuTx275","3",126
"BambuTx275","4",799
"BambuTx274","2",729
"BambuTx274","1",136
"BambuTx273","1",58
"BambuTx273","2",223
"BambuTx272","4",462
"BambuTx272","3",128
"BambuTx272","2",91
"BambuTx272","1",163
"BambuTx271","4",519
"BambuTx271","3",133
"BambuTx271","2",91
"BambuTx271","1",89
"BambuTx270","1",147
"BambuTx270","2",90
"BambuTx270","3",1165
"BambuTx27","2",855
"BambuTx27","1",400
"BambuTx269","1",143
"BambuTx269","2",283
"BambuTx268","1",89
"BambuTx268","2",358
"BambuTx268","3",1820
"BambuTx267","4",248
"BambuTx267","3",128
"BambuTx267","2",73
"BambuTx267","1",186
"BambuTx266","4",321
"BambuTx266","3",45
"BambuTx266","2",70
"BambuTx266","1",179
"BambuTx265","1",78
"BambuTx265","2",215
"BambuTx265","3",640
"BambuTx264","8",398
"BambuTx264","7",81
"BambuTx264","6",147
"BambuTx264","5",133
"BambuTx264","4",80
"BambuTx264","3",144
"BambuTx264","2",174
"BambuTx264","1",171
"BambuTx263","6",866
"BambuTx263","5",136
"BambuTx263","4",115
"BambuTx263","3",178
"BambuTx263","2",150
"BambuTx263","1",80
"BambuTx262","6",1096
"BambuTx262","5",136
"BambuTx262","4",115
"BambuTx262","3",178
"BambuTx262","2",150
"BambuTx262","1",83
"BambuTx261","9",1321
"BambuTx261","8",327
"BambuTx261","7",69
"BambuTx261","6",112
"BambuTx261","5",93
"BambuTx261","4",83
"BambuTx261","3",68
"BambuTx261","2",72
"BambuTx261","1",151
"BambuTx260","1",154
"BambuTx260","2",123
"BambuTx26","1",125
"BambuTx26","2",110
"BambuTx26","3",82
"BambuTx26","4",91
"BambuTx26","5",99
"BambuTx26","6",104
"BambuTx26","7",150
"BambuTx26","8",153
"BambuTx26","9",180
"BambuTx26","10",77
"BambuTx26","11",154
"BambuTx26","12",132
"BambuTx26","13",652
"BambuTx259","1",55
"BambuTx259","2",76
"BambuTx259","3",67
"BambuTx259","4",107
"BambuTx259","5",122
"BambuTx259","6",166
"BambuTx259","7",144
"BambuTx259","8",69
"BambuTx259","9",152
"BambuTx259","10",167
"BambuTx259","11",79
"BambuTx259","12",1351
"BambuTx258","1",243
"BambuTx258","2",183
"BambuTx258","3",70
"BambuTx258","4",176
"BambuTx258","5",166
"BambuTx257","1",256
"BambuTx257","2",70
"BambuTx257","3",176
"BambuTx257","4",166
"BambuTx256","1",430
"BambuTx256","2",52
"BambuTx256","3",1094
"BambuTx255","3",490
"BambuTx255","2",85
"BambuTx255","1",375
"BambuTx253","2",568
"BambuTx253","1",180
"BambuTx252","3",1161
"BambuTx252","2",123
"BambuTx252","1",180
"BambuTx250","3",420
"BambuTx250","2",96
"BambuTx250","1",225
"BambuTx25","1",209
"BambuTx25","2",1033
"BambuTx248","2",440
"BambuTx248","1",79
"BambuTx247","3",197
"BambuTx247","2",78
"BambuTx247","1",377
"BambuTx246","4",194
"BambuTx246","3",54
"BambuTx246","2",66
"BambuTx246","1",330
"BambuTx245","2",288
"BambuTx245","1",106
"BambuTx244","3",668
"BambuTx244","2",100
"BambuTx244","1",284
"BambuTx243","1",213
"BambuTx243","2",744
"BambuTx241","1",124
"BambuTx241","2",85
"BambuTx241","3",201
"BambuTx241","4",127
"BambuTx241","5",96
"BambuTx241","6",106
"BambuTx241","7",302
"BambuTx24","1",213
"BambuTx24","2",25
"BambuTx24","3",80
"BambuTx24","4",847
"BambuTx236","3",448
"BambuTx236","2",120
"BambuTx236","1",288
"BambuTx235","3",1968
"BambuTx235","2",120
"BambuTx235","1",76
"BambuTx234","1",326
"BambuTx234","2",295
"BambuTx233","1",261
"BambuTx233","2",318
"BambuTx232","2",603
"BambuTx232","1",195
"BambuTx231","3",353
"BambuTx231","2",137
"BambuTx231","1",120
"BambuTx230","1",623
"BambuTx230","2",229
"BambuTx230","3",102
"BambuTx230","4",268
"BambuTx23","2",525
"BambuTx23","1",254
"BambuTx229","1",560
"BambuTx229","2",229
"BambuTx229","3",102
"BambuTx229","4",268
"BambuTx228","1",273
"BambuTx228","2",133
"BambuTx228","3",160
"BambuTx228","4",1014
"BambuTx227","1",273
"BambuTx227","2",133
"BambuTx227","3",270
"BambuTx226","2",245
"BambuTx226","1",216
"BambuTx222","3",170
"BambuTx222","2",106
"BambuTx222","1",151
"BambuTx221","1",121
"BambuTx221","2",129
"BambuTx221","3",290
"BambuTx220","2",66
"BambuTx220","1",160
"BambuTx22","2",262
"BambuTx22","1",120
"BambuTx219","1",259
"BambuTx219","2",123
"BambuTx219","3",293
"BambuTx218","1",282
"BambuTx218","2",327
"BambuTx216","1",138
"BambuTx216","2",142
"BambuTx216","3",129
"BambuTx215","2",2565
"BambuTx215","1",98
"BambuTx214","3",256
"BambuTx214","2",413
"BambuTx214","1",153
"BambuTx213","1",338
"BambuTx213","2",94
"BambuTx211","1",268
"BambuTx211","2",259
"BambuTx211","3",164
"BambuTx211","4",665
"BambuTx210","4",1244
"BambuTx210","3",42
"BambuTx210","2",68
"BambuTx210","1",80
"BambuTx209","1",194
"BambuTx209","2",832
"BambuTx208","1",192
"BambuTx208","2",346
"BambuTx208","3",1166
"BambuTx207","1",202
"BambuTx207","2",526
"BambuTx207","3",1108
"BambuTx206","1",68
"BambuTx206","2",179
"BambuTx205","3",255
"BambuTx205","2",119
"BambuTx205","1",131
"BambuTx204","1",345
"BambuTx204","2",81
"BambuTx204","3",262
"BambuTx202","1",148
"BambuTx202","2",597
"BambuTx201","2",967
"BambuTx201","1",591
"BambuTx200","4",966
"BambuTx200","3",106
"BambuTx200","2",112
"BambuTx200","1",39
"BambuTx20","1",339
"BambuTx20","2",68
"BambuTx20","3",300
"BambuTx20","4",195
"BambuTx20","5",1725
"BambuTx2","1",643
"BambuTx2","2",694
"BambuTx199","2",857
"BambuTx199","1",105
"BambuTx198","4",306
"BambuTx198","3",106
"BambuTx198","2",189
"BambuTx198","1",218
"BambuTx197","7",197
"BambuTx197","6",151
"BambuTx197","5",127
"BambuTx197","4",100
"BambuTx197","3",148
"BambuTx197","2",142
"BambuTx197","1",142
"BambuTx196","4",483
"BambuTx196","3",423
"BambuTx196","2",123
"BambuTx196","1",296
"BambuTx195","1",157
"BambuTx195","2",92
"BambuTx195","3",134
"BambuTx192","2",885
"BambuTx192","1",528
"BambuTx190","3",365
"BambuTx190","2",169
"BambuTx190","1",195
"BambuTx19","1",81
"BambuTx19","2",89
"BambuTx19","3",85
"BambuTx19","4",231
"BambuTx189","4",365
"BambuTx189","3",104
"BambuTx189","2",169
"BambuTx189","1",194
"BambuTx187","10",1384
"BambuTx187","9",159
"BambuTx187","8",79
"BambuTx187","7",225
"BambuTx187","6",334
"BambuTx187","5",48
"BambuTx187","4",238
"BambuTx187","3",71
"BambuTx187","2",60
"BambuTx187","1",143
"BambuTx185","2",818
"BambuTx185","1",910
"BambuTx184","1",180
"BambuTx184","2",413
"BambuTx183","1",51
"BambuTx183","2",150
"BambuTx183","3",186
"BambuTx183","4",207
"BambuTx183","5",185
"BambuTx183","6",146
"BambuTx183","7",677
"BambuTx182","1",85
"BambuTx182","2",1303
"BambuTx181","3",192
"BambuTx181","2",64
"BambuTx181","1",325
"BambuTx18","4",303
"BambuTx18","3",93
"BambuTx18","2",154
"BambuTx18","1",461
"BambuTx179","1",100
"BambuTx179","2",63
"BambuTx179","3",86
"BambuTx179","4",49
"BambuTx179","5",74
"BambuTx179","6",79
"BambuTx179","7",98
"BambuTx179","8",65
"BambuTx179","9",57
"BambuTx179","10",1118
"BambuTx178","4",296
"BambuTx178","3",84
"BambuTx178","2",92
"BambuTx178","1",46
"BambuTx177","2",102
"BambuTx177","1",166
"BambuTx176","1",76
"BambuTx176","2",200
"BambuTx176","3",73
"BambuTx176","4",234
"BambuTx175","1",313
"BambuTx175","2",71
"BambuTx175","3",463
"BambuTx174","24",1540
"BambuTx174","23",196
"BambuTx174","22",124
"BambuTx174","21",80
"BambuTx174","20",79
"BambuTx174","19",179
"BambuTx174","18",140
"BambuTx174","17",192
"BambuTx174","16",229
"BambuTx174","15",71
"BambuTx174","14",209
"BambuTx174","13",180
"BambuTx174","12",96
"BambuTx174","11",128
"BambuTx174","10",149
"BambuTx174","9",77
"BambuTx174","8",74
"BambuTx174","7",138
"BambuTx174","6",87
"BambuTx174","5",160
"BambuTx174","4",106
"BambuTx174","3",133
"BambuTx174","2",78
"BambuTx174","1",92
"BambuTx172","1",146
"BambuTx172","2",82
"BambuTx172","3",76
"BambuTx172","4",167
"BambuTx172","5",178
"BambuTx171","2",773
"BambuTx171","1",183
"BambuTx170","4",325
"BambuTx170","3",136
"BambuTx170","2",61
"BambuTx170","1",161
"BambuTx17","10",111
"BambuTx17","9",72
"BambuTx17","8",147
"BambuTx17","7",155
"BambuTx17","6",57
"BambuTx17","5",164
"BambuTx17","4",63
"BambuTx17","3",142
"BambuTx17","2",106
"BambuTx17","1",203
"BambuTx169","1",253
"BambuTx169","2",128
"BambuTx169","3",93
"BambuTx169","4",34
"BambuTx169","5",66
"BambuTx169","6",47
"BambuTx169","7",522
"BambuTx168","2",569
"BambuTx168","1",595
"BambuTx166","1",179
"BambuTx166","2",61
"BambuTx166","3",117
"BambuTx166","4",226
"BambuTx165","2",1310
"BambuTx165","1",200
"BambuTx162","5",263
"BambuTx162","4",188
"BambuTx162","3",175
"BambuTx162","2",198
"BambuTx162","1",115
"BambuTx161","10",2079
"BambuTx161","9",197
"BambuTx161","8",137
"BambuTx161","7",185
"BambuTx161","6",110
"BambuTx161","5",166
"BambuTx161","4",69
"BambuTx161","3",148
"BambuTx161","2",236
"BambuTx161","1",168
"BambuTx160","2",2960
"BambuTx160","1",141
"BambuTx16","1",212
"BambuTx16","2",272
"BambuTx16","3",2035
"BambuTx159","2",607
"BambuTx159","1",153
"BambuTx158","2",2787
"BambuTx158","1",134
"BambuTx157","5",472
"BambuTx157","4",112
"BambuTx157","3",90
"BambuTx157","2",167
"BambuTx157","1",78
"BambuTx156","1",340
"BambuTx156","2",64
"BambuTx156","3",261
"BambuTx155","2",30
"BambuTx155","1",509
"BambuTx153","2",62
"BambuTx153","1",167
"BambuTx152","1",574
"BambuTx152","2",292
"BambuTx151","3",1045
"BambuTx151","2",62
"BambuTx151","1",95
"BambuTx15","1",185
"BambuTx15","2",171
"BambuTx15","3",1556
"BambuTx148","1",238
"BambuTx148","2",1214
"BambuTx147","1",238
"BambuTx147","2",571
"BambuTx146","1",142
"BambuTx146","2",73
"BambuTx146","3",647
"BambuTx145","1",579
"BambuTx145","2",495
"BambuTx144","1",69
"BambuTx144","2",144
"BambuTx144","3",334
"BambuTx143","1",215
"BambuTx143","2",38
"BambuTx143","3",112
"BambuTx142","4",413
"BambuTx142","3",126
"BambuTx142","2",214
"BambuTx142","1",146
"BambuTx141","1",210
"BambuTx141","2",1128
"BambuTx14","1",53
"BambuTx14","2",48
"BambuTx14","3",210
"BambuTx1399","3",312
"BambuTx1399","2",118
"BambuTx1399","1",348
"BambuTx1398","2",751
"BambuTx1398","1",48
"BambuTx1397","2",230
"BambuTx1397","1",303
"BambuTx1396","3",1132
"BambuTx1396","2",116
"BambuTx1396","1",196
"BambuTx1394","1",76
"BambuTx1394","2",1754
"BambuTx1393","3",507
"BambuTx1393","2",134
"BambuTx1393","1",279
"BambuTx1392","2",200
"BambuTx1392","1",88
"BambuTx1391","3",734
"BambuTx1391","2",175
"BambuTx1391","1",273
"BambuTx1390","2",1132
"BambuTx1390","1",279
"BambuTx1389","4",2900
"BambuTx1389","3",158
"BambuTx1389","2",112
"BambuTx1389","1",137
"BambuTx1388","1",371
"BambuTx1388","2",163
"BambuTx1387","1",262
"BambuTx1387","2",180
"BambuTx1385","1",118
"BambuTx1385","2",91
"BambuTx1385","3",128
"BambuTx1385","4",1838
"BambuTx1384","2",159
"BambuTx1384","1",182
"BambuTx1383","7",1713
"BambuTx1383","6",127
"BambuTx1383","5",82
"BambuTx1383","4",171
"BambuTx1383","3",96
"BambuTx1383","2",87
"BambuTx1383","1",773
"BambuTx1382","2",187
"BambuTx1382","1",90
"BambuTx1381","2",532
"BambuTx1381","1",198
"BambuTx1380","2",420
"BambuTx1380","1",695
"BambuTx138","2",197
"BambuTx138","1",396
"BambuTx1379","2",289
"BambuTx1379","1",107
"BambuTx1378","2",326
"BambuTx1378","1",226
"BambuTx1377","2",332
"BambuTx1377","1",223
"BambuTx1376","1",249
"BambuTx1376","2",2945
"BambuTx1376","3",542
"BambuTx1375","2",1912
"BambuTx1375","1",256
"BambuTx1374","2",1003
"BambuTx1374","1",423
"BambuTx1373","3",255
"BambuTx1373","2",218
"BambuTx1373","1",90
"BambuTx1372","1",133
"BambuTx1372","2",771
"BambuTx1371","1",465
"BambuTx1371","2",918
"BambuTx1370","4",408
"BambuTx1370","3",219
"BambuTx1370","2",102
"BambuTx1370","1",186
"BambuTx137","1",116
"BambuTx137","2",280
"BambuTx137","3",735
"BambuTx1369","2",209
"BambuTx1369","1",189
"BambuTx1368","3",962
"BambuTx1368","2",140
"BambuTx1368","1",471
"BambuTx1367","1",236
"BambuTx1367","2",1077
"BambuTx1366","2",2402
"BambuTx1366","1",405
"BambuTx1365","1",101
"BambuTx1365","2",114
"BambuTx1365","3",250
"BambuTx1364","2",677
"BambuTx1364","1",496
"BambuTx1362","1",105
"BambuTx1362","2",543
"BambuTx1361","1",262
"BambuTx1361","2",336
"BambuTx1360","3",3392
"BambuTx1360","2",55
"BambuTx1360","1",179
"BambuTx136","4",575
"BambuTx136","3",180
"BambuTx136","2",250
"BambuTx136","1",142
"BambuTx1359","2",1302
"BambuTx1359","1",232
"BambuTx1358","1",144
"BambuTx1358","2",283
"BambuTx1357","7",673
"BambuTx1357","6",327
"BambuTx1357","5",217
"BambuTx1357","4",175
"BambuTx1357","3",309
"BambuTx1357","2",155
"BambuTx1357","1",166
"BambuTx1354","2",258
"BambuTx1354","1",686
"BambuTx1353","1",289
"BambuTx1353","2",84
"BambuTx1352","1",137
"BambuTx1352","2",227
"BambuTx1351","1",218
"BambuTx1351","2",136
"BambuTx1351","3",952
"BambuTx135","1",169
"BambuTx135","2",480
"BambuTx1349","1",233
"BambuTx1349","2",853
"BambuTx1348","1",148
"BambuTx1348","2",205
"BambuTx1347","2",215
"BambuTx1347","1",98
"BambuTx1346","1",332
"BambuTx1346","2",1017
"BambuTx1345","1",148
"BambuTx1345","2",787
"BambuTx1344","1",137
"BambuTx1344","2",71
"BambuTx1344","3",78
"BambuTx1343","3",1888
"BambuTx1343","2",125
"BambuTx1343","1",113
"BambuTx1342","3",314
"BambuTx1342","2",116
"BambuTx1342","1",315
"BambuTx1341","1",393
"BambuTx1341","2",1342
"BambuTx1340","3",531
"BambuTx1340","2",51
"BambuTx1340","1",89
"BambuTx134","2",1157
"BambuTx134","1",89
"BambuTx1339","1",68
"BambuTx1339","2",142
"BambuTx1339","3",54
"BambuTx1339","4",84
"BambuTx1339","5",306
"BambuTx1337","1",196
"BambuTx1337","2",990
"BambuTx1336","2",268
"BambuTx1336","1",135
"BambuTx1335","1",91
"BambuTx1335","2",89
"BambuTx1335","3",165
"BambuTx1335","4",2412
"BambuTx1334","1",144
"BambuTx1334","2",2363
"BambuTx1333","2",326
"BambuTx1333","1",364
"BambuTx1332","1",356
"BambuTx1332","2",796
"BambuTx1331","1",194
"BambuTx1331","2",131
"BambuTx1331","3",106
"BambuTx1330","2",695
"BambuTx1330","1",111
"BambuTx133","1",131
"BambuTx133","2",199
"BambuTx133","3",76
"BambuTx133","4",94
"BambuTx133","5",217
"BambuTx1329","1",523
"BambuTx1329","2",1494
"BambuTx1328","4",367
"BambuTx1328","3",169
"BambuTx1328","2",119
"BambuTx1328","1",181
"BambuTx1327","1",481
"BambuTx1327","2",239
"BambuTx1327","3",86
"BambuTx1327","4",139
"BambuTx1327","5",98
"BambuTx1327","6",158
"BambuTx1327","7",105
"BambuTx1327","8",1069
"BambuTx1326","1",215
"BambuTx1326","2",3334
"BambuTx1325","2",427
"BambuTx1325","1",1004
"BambuTx1324","1",45
"BambuTx1324","2",78
"BambuTx1324","3",127
"BambuTx1324","4",114
"BambuTx1324","5",1136
"BambuTx1323","1",54
"BambuTx1323","2",735
"BambuTx1322","2",669
"BambuTx1322","1",113
"BambuTx1321","8",1579
"BambuTx1321","7",167
"BambuTx1321","6",189
"BambuTx1321","5",133
"BambuTx1321","4",161
"BambuTx1321","3",99
"BambuTx1321","2",96
"BambuTx1321","1",635
"BambuTx1320","1",276
"BambuTx1320","2",403
"BambuTx132","1",99
"BambuTx132","2",70
"BambuTx132","3",161
"BambuTx132","4",57
"BambuTx132","5",46
"BambuTx132","6",98
"BambuTx132","7",126
"BambuTx132","8",144
"BambuTx132","9",69
"BambuTx132","10",65
"BambuTx132","11",64
"BambuTx132","12",90
"BambuTx132","13",529
"BambuTx1318","2",303
"BambuTx1318","1",243
"BambuTx1317","1",189
"BambuTx1317","2",426
"BambuTx1316","2",222
"BambuTx1316","1",374
"BambuTx1315","1",245
"BambuTx1315","2",95
"BambuTx1315","3",81
"BambuTx1315","4",796
"BambuTx1314","2",156
"BambuTx1314","1",1443
"BambuTx1313","2",1434
"BambuTx1313","1",68
"BambuTx1312","2",1717
"BambuTx1312","1",81
"BambuTx1310","1",127
"BambuTx1310","2",100
"BambuTx1310","3",254
"BambuTx131","2",171
"BambuTx131","1",217
"BambuTx1309","2",171
"BambuTx1309","1",455
"BambuTx1308","1",178
"BambuTx1308","2",368
"BambuTx1307","3",1256
"BambuTx1307","2",154
"BambuTx1307","1",226
"BambuTx1306","5",1717
"BambuTx1306","4",91
"BambuTx1306","3",125
"BambuTx1306","2",96
"BambuTx1306","1",212
"BambuTx1305","1",67
"BambuTx1305","2",229
"BambuTx1302","1",201
"BambuTx1302","2",732
"BambuTx1301","2",1386
"BambuTx1301","1",671
"BambuTx1300","2",1545
"BambuTx1300","1",65
"BambuTx1299","1",167
"BambuTx1299","2",1089
"BambuTx1298","1",253
"BambuTx1298","2",91
"BambuTx1298","3",912
"BambuTx1297","3",1255
"BambuTx1297","2",62
"BambuTx1297","1",247
"BambuTx1294","3",186
"BambuTx1294","2",104
"BambuTx1294","1",446
"BambuTx1293","1",166
"BambuTx1293","2",2122
"BambuTx1292","1",138
"BambuTx1292","2",130
"BambuTx1291","3",1921
"BambuTx1291","2",198
"BambuTx1291","1",204
"BambuTx1290","2",190
"BambuTx1290","1",861
"BambuTx1289","1",253
"BambuTx1289","2",258
"BambuTx1288","1",1593
"BambuTx1288","2",663
"BambuTx1287","2",233
"BambuTx1287","1",430
"BambuTx1286","2",713
"BambuTx1286","1",1621
"BambuTx1285","2",646
"BambuTx1285","1",207
"BambuTx1284","3",278
"BambuTx1284","2",114
"BambuTx1284","1",91
"BambuTx1283","1",253
"BambuTx1283","2",69
"BambuTx1283","3",256
"BambuTx1282","1",254
"BambuTx1282","2",624
"BambuTx1281","2",239
"BambuTx1281","1",246
"BambuTx1279","2",366
"BambuTx1279","1",208
"BambuTx1278","2",332
"BambuTx1278","1",133
"BambuTx1277","1",153
"BambuTx1277","2",787
"BambuTx1276","2",2373
"BambuTx1276","1",160
"BambuTx1275","1",454
"BambuTx1275","2",1070
"BambuTx1274","2",295
"BambuTx1274","1",101
"BambuTx1273","1",96
"BambuTx1273","2",125
"BambuTx1273","3",586
"BambuTx1272","2",240
"BambuTx1272","1",240
"BambuTx1271","1",64
"BambuTx1271","2",64
"BambuTx1271","3",128
"BambuTx1271","4",1422
"BambuTx1270","2",308
"BambuTx1270","1",227
"BambuTx127","1",1751
"BambuTx127","2",89
"BambuTx127","3",274
"BambuTx1269","1",431
"BambuTx1269","2",165
"BambuTx1268","6",796
"BambuTx1268","5",195
"BambuTx1268","4",114
"BambuTx1268","3",86
"BambuTx1268","2",59
"BambuTx1268","1",194
"BambuTx1267","1",74
"BambuTx1267","2",85
"BambuTx1267","3",117
"BambuTx1267","4",2251
"BambuTx1266","3",377
"BambuTx1266","2",151
"BambuTx1266","1",233
"BambuTx1264","1",230
"BambuTx1264","2",119
"BambuTx1264","3",483
"BambuTx1263","1",768
"BambuTx1263","2",940
"BambuTx1262","1",103
"BambuTx1262","2",566
"BambuTx1261","4",1062
"BambuTx1261","3",174
"BambuTx1261","2",76
"BambuTx1261","1",138
"BambuTx126","2",350
"BambuTx126","1",130
"BambuTx1259","1",28
"BambuTx1259","2",528
"BambuTx1258","1",611
"BambuTx1258","2",111
"BambuTx1257","1",492
"BambuTx1257","2",293
"BambuTx1256","1",149
"BambuTx1256","2",116
"BambuTx1255","1",301
"BambuTx1255","2",1185
"BambuTx1254","1",297
"BambuTx1254","2",642
"BambuTx1253","4",200
"BambuTx1253","3",91
"BambuTx1253","2",94
"BambuTx1253","1",149
"BambuTx1252","1",105
"BambuTx1252","2",395
"BambuTx1251","2",205
"BambuTx1251","1",149
"BambuTx1250","2",197
"BambuTx1250","1",118
"BambuTx1249","2",101
"BambuTx1249","1",135
"BambuTx1247","3",413
"BambuTx1247","2",61
"BambuTx1247","1",231
"BambuTx1245","1",335
"BambuTx1245","2",147
"BambuTx1244","1",215
"BambuTx1244","2",450
"BambuTx1243","1",185
"BambuTx1243","2",141
"BambuTx1243","3",1978
"BambuTx1242","7",348
"BambuTx1242","6",150
"BambuTx1242","5",266
"BambuTx1242","4",134
"BambuTx1242","3",81
"BambuTx1242","2",63
"BambuTx1242","1",111
"BambuTx1241","2",406
"BambuTx1241","1",82
"BambuTx1240","3",533
"BambuTx1240","2",1282
"BambuTx1240","1",68
"BambuTx124","5",1505
"BambuTx124","4",74
"BambuTx124","3",94
"BambuTx124","2",20
"BambuTx124","1",155
"BambuTx1239","2",209
"BambuTx1239","1",100
"BambuTx1238","1",323
"BambuTx1238","2",373
"BambuTx1237","2",129
"BambuTx1237","1",435
"BambuTx1236","2",1147
"BambuTx1236","1",116
"BambuTx1235","1",93
"BambuTx1235","2",308
"BambuTx1235","3",652
"BambuTx1234","1",184
"BambuTx1234","2",63
"BambuTx1234","3",64
"BambuTx1234","4",692
"BambuTx1233","1",76
"BambuTx1233","2",141
"BambuTx1233","3",380
"BambuTx1232","2",898
"BambuTx1232","1",199
"BambuTx1231","1",185
"BambuTx1231","2",107
"BambuTx1231","3",67
"BambuTx1231","4",581
"BambuTx1230","1",434
"BambuTx1230","2",156
"BambuTx1230","3",266
"BambuTx123","1",242
"BambuTx123","2",134
"BambuTx123","3",773
"BambuTx1227","1",450
"BambuTx1227","2",346
"BambuTx1225","5",398
"BambuTx1225","4",294
"BambuTx1225","3",258
"BambuTx1225","2",132
"BambuTx1225","1",435
"BambuTx1224","3",404
"BambuTx1224","2",233
"BambuTx1224","1",111
"BambuTx1223","1",355
"BambuTx1223","2",121
"BambuTx1223","3",135
"BambuTx1223","4",918
"BambuTx1222","1",388
"BambuTx1222","2",498
"BambuTx1221","1",99
"BambuTx1221","2",138
"BambuTx1221","3",183
"BambuTx1220","3",1248
"BambuTx1220","2",159
"BambuTx1220","1",81
"BambuTx122","2",917
"BambuTx122","1",443
"BambuTx1219","4",1248
"BambuTx1219","3",159
"BambuTx1219","2",106
"BambuTx1219","1",81
"BambuTx1218","1",386
"BambuTx1218","2",1368
"BambuTx1217","3",505
"BambuTx1217","2",232
"BambuTx1217","1",276
"BambuTx1216","1",184
"BambuTx1216","2",144
"BambuTx1216","3",172
"BambuTx1216","4",411
"BambuTx1215","1",356
"BambuTx1215","2",359
"BambuTx1214","2",310
"BambuTx1214","1",481
"BambuTx1213","2",1324
"BambuTx1213","1",507
"BambuTx1212","2",500
"BambuTx1212","1",109
"BambuTx1211","1",211
"BambuTx1211","2",167
"BambuTx1211","3",806
"BambuTx1210","2",909
"BambuTx1210","1",559
"BambuTx121","2",1285
"BambuTx121","1",427
"BambuTx1209","2",319
"BambuTx1209","1",158
"BambuTx1208","2",302
"BambuTx1208","1",188
"BambuTx1206","1",267
"BambuTx1206","2",1993
"BambuTx1205","1",173
"BambuTx1205","2",352
"BambuTx1204","1",117
"BambuTx1204","2",309
"BambuTx1202","1",243
"BambuTx1202","2",187
"BambuTx1202","3",310
"BambuTx1202","4",106
"BambuTx1202","5",392
"BambuTx1201","1",142
"BambuTx1201","2",162
"BambuTx1201","3",112
"BambuTx1201","4",156
"BambuTx1200","2",215
"BambuTx1200","1",196
"BambuTx120","1",169
"BambuTx120","2",593
"BambuTx120","3",96
"BambuTx120","4",118
"BambuTx120","5",151
"BambuTx120","6",356
"BambuTx12","1",136
"BambuTx12","2",283
"BambuTx1199","1",87
"BambuTx1199","2",238
"BambuTx1199","3",1633
"BambuTx1198","4",657
"BambuTx1198","3",77
"BambuTx1198","2",176
"BambuTx1198","1",135
"BambuTx1197","1",164
"BambuTx1197","2",556
"BambuTx1196","1",105
"BambuTx1196","2",130
"BambuTx1196","3",38
"BambuTx1196","4",92
"BambuTx1196","5",201
"BambuTx1195","2",815
"BambuTx1195","1",688
"BambuTx1193","1",157
"BambuTx1193","2",140
"BambuTx1193","3",142
"BambuTx1193","4",98
"BambuTx1193","5",1491
"BambuTx1192","1",118
"BambuTx1192","2",326
"BambuTx1191","1",198
"BambuTx1191","2",148
"BambuTx1190","1",344
"BambuTx1190","2",1354
"BambuTx119","9",491
"BambuTx119","8",98
"BambuTx119","7",173
"BambuTx119","6",110
"BambuTx119","5",80
"BambuTx119","4",186
"BambuTx119","3",146
"BambuTx119","2",178
"BambuTx119","1",171
"BambuTx1189","2",1503
"BambuTx1189","1",76
"BambuTx1188","1",99
"BambuTx1188","2",156
"BambuTx1188","3",153
"BambuTx1188","4",74
"BambuTx1188","5",153
"BambuTx1188","6",1374
"BambuTx1187","4",300
"BambuTx1187","3",231
"BambuTx1187","2",272
"BambuTx1187","1",161
"BambuTx1186","2",646
"BambuTx1186","1",189
"BambuTx1185","1",166
"BambuTx1185","2",310
"BambuTx1183","2",408
"BambuTx1183","1",109
"BambuTx1180","1",216
"BambuTx1180","2",179
"BambuTx118","2",286
"BambuTx118","1",169
"BambuTx1179","3",305
"BambuTx1179","2",59
"BambuTx1179","1",319
"BambuTx1178","2",369
"BambuTx1178","1",96
"BambuTx1177","5",739
"BambuTx1177","4",73
"BambuTx1177","3",50
"BambuTx1177","2",144
"BambuTx1177","1",98
"BambuTx1176","1",212
"BambuTx1176","2",516
"BambuTx1175","1",363
"BambuTx1175","2",297
"BambuTx1175","3",457
"BambuTx1174","1",83
"BambuTx1174","2",95
"BambuTx1174","3",208
"BambuTx1174","4",127
"BambuTx1174","5",93
"BambuTx1174","6",1635
"BambuTx1172","6",532
"BambuTx1172","5",137
"BambuTx1172","4",248
"BambuTx1172","3",148
"BambuTx1172","2",131
"BambuTx1172","1",53
"BambuTx1171","1",541
"BambuTx1171","2",349
"BambuTx1170","2",398
"BambuTx1170","1",406
"BambuTx117","1",110
"BambuTx117","2",75
"BambuTx117","3",828
"BambuTx1169","3",2228
"BambuTx1169","2",230
"BambuTx1169","1",178
"BambuTx1168","1",506
"BambuTx1168","2",788
"BambuTx1167","1",543
"BambuTx1167","2",139
"BambuTx1166","1",641
"BambuTx1166","2",1133
"BambuTx1165","1",278
"BambuTx1165","2",287
"BambuTx1165","3",1683
"BambuTx1164","1",133
"BambuTx1164","2",193
"BambuTx1163","1",214
"BambuTx1163","2",242
"BambuTx1163","3",68
"BambuTx1163","4",836
"BambuTx1162","1",221
"BambuTx1162","2",388
"BambuTx1161","1",71
"BambuTx1161","2",534
"BambuTx1160","2",1049
"BambuTx1160","1",132
"BambuTx116","1",67
"BambuTx116","2",169
"BambuTx116","3",75
"BambuTx116","4",829
"BambuTx1159","1",68
"BambuTx1159","2",419
"BambuTx1158","2",620
"BambuTx1158","1",75
"BambuTx1157","2",278
"BambuTx1157","1",97
"BambuTx1156","1",150
"BambuTx1156","2",682
"BambuTx1155","1",306
"BambuTx1155","2",230
"BambuTx1154","1",1758
"BambuTx1154","2",1150
"BambuTx1153","2",331
"BambuTx1153","1",76
"BambuTx1152","1",57
"BambuTx1152","2",302
"BambuTx1150","2",674
"BambuTx1150","1",420
"BambuTx115","2",934
"BambuTx115","1",137
"BambuTx1149","1",264
"BambuTx1149","2",352
"BambuTx1148","1",176
"BambuTx1148","2",125
"BambuTx1148","3",1043
"BambuTx1147","1",111
"BambuTx1147","2",205
"BambuTx1146","2",297
"BambuTx1146","1",174
"BambuTx1145","2",1184
"BambuTx1145","1",32
"BambuTx1144","1",171
"BambuTx1144","2",841
"BambuTx1143","3",693
"BambuTx1143","2",138
"BambuTx1143","1",269
"BambuTx1142","2",613
"BambuTx1142","1",725
"BambuTx1140","1",172
"BambuTx1140","2",116
"BambuTx1140","3",104
"BambuTx1140","4",348
"BambuTx114","9",350
"BambuTx114","8",201
"BambuTx114","7",153
"BambuTx114","6",109
"BambuTx114","5",93
"BambuTx114","4",120
"BambuTx114","3",116
"BambuTx114","2",191
"BambuTx114","1",137
"BambuTx1139","5",284
"BambuTx1139","4",98
"BambuTx1139","3",152
"BambuTx1139","2",229
"BambuTx1139","1",116
"BambuTx1138","1",410
"BambuTx1138","2",350
"BambuTx1137","1",259
"BambuTx1137","2",55
"BambuTx1137","3",313
"BambuTx1136","1",443
"BambuTx1136","2",446
"BambuTx1135","1",121
"BambuTx1135","2",359
"BambuTx1134","3",565
"BambuTx1134","2",171
"BambuTx1134","1",166
"BambuTx1133","1",323
"BambuTx1133","2",135
"BambuTx1133","3",1020
"BambuTx1132","1",149
"BambuTx1132","2",104
"BambuTx1132","3",1193
"BambuTx1131","1",229
"BambuTx1131","2",89
"BambuTx1131","3",520
"BambuTx113","3",553
"BambuTx113","2",101
"BambuTx113","1",66
"BambuTx1129","2",2370
"BambuTx1129","1",143
"BambuTx1128","1",139
"BambuTx1128","2",1239
"BambuTx1127","2",418
"BambuTx1127","1",126
"BambuTx1125","2",333
"BambuTx1125","1",115
"BambuTx1124","1",135
"BambuTx1124","2",95
"BambuTx1124","3",1101
"BambuTx1123","2",697
"BambuTx1123","1",276
"BambuTx1122","3",447
"BambuTx1122","2",116
"BambuTx1122","1",175
"BambuTx1121","3",304
"BambuTx1121","2",102
"BambuTx1121","1",224
"BambuTx1120","1",146
"BambuTx1120","2",693
"BambuTx112","1",141
"BambuTx112","2",144
"BambuTx112","3",386
"BambuTx1119","2",955
"BambuTx1119","1",133
"BambuTx1118","2",1081
"BambuTx1118","1",80
"BambuTx1117","6",448
"BambuTx1117","5",136
"BambuTx1117","4",118
"BambuTx1117","3",49
"BambuTx1117","2",101
"BambuTx1117","1",246
"BambuTx1116","2",2438
"BambuTx1116","1",431
"BambuTx1115","1",452
"BambuTx1115","2",360
"BambuTx1114","2",222
"BambuTx1114","1",862
"BambuTx1112","2",1977
"BambuTx1112","1",149
"BambuTx1111","1",131
"BambuTx1111","2",113
"BambuTx1111","3",153
"BambuTx1111","4",491
"BambuTx1110","1",176
"BambuTx1110","2",508
"BambuTx111","1",109
"BambuTx111","2",78
"BambuTx111","3",127
"BambuTx111","4",96
"BambuTx111","5",721
"BambuTx1109","2",898
"BambuTx1109","1",72
"BambuTx1107","2",735
"BambuTx1107","1",197
"BambuTx1106","1",266
"BambuTx1106","2",115
"BambuTx1106","3",135
"BambuTx1105","1",84
"BambuTx1105","2",162
"BambuTx1105","3",413
"BambuTx1104","1",123
"BambuTx1104","2",252
"BambuTx1103","1",589
"BambuTx1103","2",1106
"BambuTx1102","2",445
"BambuTx1102","1",647
"BambuTx1101","2",254
"BambuTx1101","1",103
"BambuTx1100","1",39
"BambuTx1100","2",179
"BambuTx1100","3",779
"BambuTx110","1",90
"BambuTx110","2",597
"BambuTx11","1",136
"BambuTx11","2",67
"BambuTx11","3",544
"BambuTx1098","1",182
"BambuTx1098","2",137
"BambuTx1098","3",451
"BambuTx1097","1",48
"BambuTx1097","2",123
"BambuTx1097","3",83
"BambuTx1097","4",74
"BambuTx1097","5",345
"BambuTx1096","3",484
"BambuTx1096","2",59
"BambuTx1096","1",81
"BambuTx1095","3",320
"BambuTx1095","2",59
"BambuTx1095","1",81
"BambuTx1094","2",154
"BambuTx1094","1",587
"BambuTx1093","1",88
"BambuTx1093","2",59
"BambuTx1093","3",78
"BambuTx1093","4",207
"BambuTx1092","1",59
"BambuTx1092","2",438
"BambuTx1091","1",328
"BambuTx1091","2",315
"BambuTx1091","3",97
"BambuTx1091","4",516
"BambuTx1090","1",180
"BambuTx1090","2",414
"BambuTx109","12",179
"BambuTx109","11",73
"BambuTx109","10",124
"BambuTx109","9",192
"BambuTx109","8",80
"BambuTx109","7",103
"BambuTx109","6",93
"BambuTx109","5",75
"BambuTx109","4",222
"BambuTx109","3",138
"BambuTx109","2",123
"BambuTx109","1",139
"BambuTx1089","4",855
"BambuTx1089","3",165
"BambuTx1089","2",170
"BambuTx1089","1",170
"BambuTx1088","3",1210
"BambuTx1088","2",165
"BambuTx1088","1",176
"BambuTx1087","2",413
"BambuTx1087","1",168
"BambuTx1086","2",635
"BambuTx1086","1",117
"BambuTx1085","4",497
"BambuTx1085","3",88
"BambuTx1085","2",59
"BambuTx1085","1",201
"BambuTx1084","3",320
"BambuTx1084","2",59
"BambuTx1084","1",86
"BambuTx1083","1",246
"BambuTx1083","2",529
"BambuTx1082","1",83
"BambuTx1082","2",169
"BambuTx1081","2",529
"BambuTx1081","1",243
"BambuTx1080","1",539
"BambuTx1080","2",211
"BambuTx108","6",745
"BambuTx108","5",77
"BambuTx108","4",96
"BambuTx108","3",145
"BambuTx108","2",53
"BambuTx108","1",97
"BambuTx1079","1",174
"BambuTx1079","2",794
"BambuTx1074","10",650
"BambuTx1074","9",97
"BambuTx1074","8",62
"BambuTx1074","7",62
"BambuTx1074","6",102
"BambuTx1074","5",55
"BambuTx1074","4",44
"BambuTx1074","3",79
"BambuTx1074","2",248
"BambuTx1074","1",89
"BambuTx1073","4",903
"BambuTx1073","3",72
"BambuTx1073","2",85
"BambuTx1073","1",99
"BambuTx1072","1",552
"BambuTx1072","2",802
"BambuTx1071","4",218
"BambuTx1071","3",77
"BambuTx1071","2",519
"BambuTx1071","1",248
"BambuTx1070","2",769
"BambuTx1070","1",264
"BambuTx1069","2",643
"BambuTx1069","1",226
"BambuTx1067","1",114
"BambuTx1067","2",227
"BambuTx1066","3",301
"BambuTx1066","2",86
"BambuTx1066","1",123
"BambuTx1065","1",117
"BambuTx1065","2",1069
"BambuTx1064","2",155
"BambuTx1064","1",883
"BambuTx1062","1",110
"BambuTx1062","2",91
"BambuTx1062","3",104
"BambuTx1062","4",47
"BambuTx1062","5",406
"BambuTx1060","2",1483
"BambuTx1060","1",527
"BambuTx106","1",144
"BambuTx106","2",92
"BambuTx106","3",61
"BambuTx106","4",59
"BambuTx106","5",127
"BambuTx106","6",96
"BambuTx106","7",319
"BambuTx1059","2",251
"BambuTx1059","1",602
"BambuTx1058","3",1026
"BambuTx1058","2",202
"BambuTx1058","1",627
"BambuTx1057","1",153
"BambuTx1057","2",864
"BambuTx1056","1",339
"BambuTx1056","2",56
"BambuTx1056","3",83
"BambuTx1056","4",160
"BambuTx1056","5",115
"BambuTx1055","2",1866
"BambuTx1055","1",121
"BambuTx1054","4",517
"BambuTx1054","3",118
"BambuTx1054","2",129
"BambuTx1054","1",178
"BambuTx1053","3",983
"BambuTx1053","2",129
"BambuTx1053","1",190
"BambuTx1051","1",318
"BambuTx1051","2",178
"BambuTx1051","3",183
"BambuTx1051","4",132
"BambuTx1051","5",155
"BambuTx1051","6",415
"BambuTx1050","3",986
"BambuTx1050","2",87
"BambuTx1050","1",144
"BambuTx105","1",252
"BambuTx105","2",98
"BambuTx105","3",143
"BambuTx105","4",157
"BambuTx105","5",1208
"BambuTx1049","1",111
"BambuTx1049","2",93
"BambuTx1049","3",644
"BambuTx1048","1",77
"BambuTx1048","2",111
"BambuTx1048","3",45
"BambuTx1048","4",127
"BambuTx1048","5",96
"BambuTx1048","6",44
"BambuTx1048","7",1452
"BambuTx1047","1",137
"BambuTx1047","2",75
"BambuTx1047","3",287
"BambuTx1046","2",819
"BambuTx1046","1",655
"BambuTx1045","2",378
"BambuTx1045","1",173
"BambuTx1043","2",830
"BambuTx1043","1",438
"BambuTx1040","2",646
"BambuTx1040","1",385
"BambuTx104","1",123
"BambuTx104","2",514
"BambuTx1039","3",176
"BambuTx1039","2",105
"BambuTx1039","1",77
"BambuTx1038","19",227
"BambuTx1038","18",111
"BambuTx1038","17",145
"BambuTx1038","16",97
"BambuTx1038","15",56
"BambuTx1038","14",97
"BambuTx1038","13",44
"BambuTx1038","12",63
"BambuTx1038","11",95
"BambuTx1038","10",89
"BambuTx1038","9",133
"BambuTx1038","8",152
"BambuTx1038","7",81
"BambuTx1038","6",84
"BambuTx1038","5",117
"BambuTx1038","4",101
"BambuTx1038","3",171
"BambuTx1038","2",205
"BambuTx1038","1",130
"BambuTx1037","2",446
"BambuTx1037","1",289
"BambuTx1035","2",199
"BambuTx1035","1",359
"BambuTx103","2",275
"BambuTx103","1",122
"BambuTx1026","1",314
"BambuTx1026","2",1311
"BambuTx1025","5",337
"BambuTx1025","4",94
"BambuTx1025","3",161
"BambuTx1025","2",52
"BambuTx1025","1",128
"BambuTx1023","1",96
"BambuTx1023","2",181
"BambuTx1023","3",203
"BambuTx1023","4",148
"BambuTx1023","5",74
"BambuTx1022","3",291
"BambuTx1022","2",114
"BambuTx1022","1",319
"BambuTx1021","2",1108
"BambuTx1021","1",81
"BambuTx1020","3",599
"BambuTx1020","2",225
"BambuTx1020","1",217
"BambuTx102","2",259
"BambuTx102","1",382
"BambuTx1018","2",406
"BambuTx1018","1",125
"BambuTx1017","4",392
"BambuTx1017","3",132
"BambuTx1017","2",45
"BambuTx1017","1",142
"BambuTx1016","5",392
"BambuTx1016","4",132
"BambuTx1016","3",69
"BambuTx1016","2",45
"BambuTx1016","1",142
"BambuTx1015","3",419
"BambuTx1015","2",177
"BambuTx1015","1",123
"BambuTx1014","1",473
"BambuTx1014","2",112
"BambuTx1014","3",121
"BambuTx1014","4",126
"BambuTx1013","2",313
"BambuTx1013","1",158
"BambuTx1012","1",459
"BambuTx1012","2",437
"BambuTx1011","1",208
"BambuTx1011","2",142
"BambuTx1011","3",103
"BambuTx1011","4",102
"BambuTx1011","5",113
"BambuTx1011","6",319
"BambuTx1010","5",1423
"BambuTx1010","4",748
"BambuTx1010","3",148
"BambuTx1010","2",78
"BambuTx1010","1",151
"BambuTx1008","4",849
"BambuTx1008","3",99
"BambuTx1008","2",88
"BambuTx1008","1",307
"BambuTx1007","1",250
"BambuTx1007","2",855
"BambuTx1006","1",93
"BambuTx1006","2",124
"BambuTx1006","3",857
"BambuTx1004","1",150
"BambuTx1004","2",112
"BambuTx1004","3",203
"BambuTx1003","3",268
"BambuTx1003","2",71
"BambuTx1003","1",137
"BambuTx1002","10",961
"BambuTx1002","9",114
"BambuTx1002","8",258
"BambuTx1002","7",160
"BambuTx1002","6",130
"BambuTx1002","5",103
"BambuTx1002","4",55
"BambuTx1002","3",180
"BambuTx1002","2",150
"BambuTx1002","1",103
"BambuTx1001","3",282
"BambuTx1001","2",107
"BambuTx1001","1",117
"BambuTx1000","1",93
"BambuTx1000","2",118
"BambuTx1000","3",1471
"BambuTx100","3",1538
"BambuTx100","2",164
"BambuTx100","1",237
"BambuTx10","1",76
"BambuTx10","2",295
"BambuTx10","3",164
"BambuTx1","1",146
"BambuTx1","2",86
"BambuTx1","3",88
"BambuTx1","4",105
"BambuTx1","5",100
"BambuTx1","6",79
"BambuTx1","7",136
"BambuTx1","8",714
